main_team,team_group,away_home,competition,n_matches,no_goal,goal_streak_weighted,no_goal_streak_weighted,tot_giornata,goal_streak_weighted_ratio,no_goal_streak_weighted_ratio,no_goal_ratio,goal_ratio
Almeria,0,away,La Liga,4,2,20.0,20.0,40.0,0.5,0.5,0.5,0.5
Almeria,0,home,La Liga,6,3,40.0,65.0,105.0,0.38095238095238093,0.6190476190476191,0.5,0.5
Almeria,1,away,La Liga,6,2,92.0,27.0,119.0,0.773109243697479,0.226890756302521,0.3333333333333333,0.6666666666666667
Almeria,1,home,La Liga,6,1,60.0,5.0,65.0,0.9230769230769231,0.07692307692307693,0.16666666666666666,0.8333333333333334
Almeria,2,away,La Liga,3,1,20.0,4.0,24.0,0.8333333333333334,0.16666666666666666,0.3333333333333333,0.6666666666666667
Almeria,2,home,La Liga,2,1,19.0,14.0,33.0,0.5757575757575758,0.42424242424242425,0.5,0.5
Almeria,all,away,La Liga,13,5,132.0,51.0,183.0,0.7213114754098361,0.2786885245901639,0.38461538461538464,0.6153846153846154
Almeria,all,home,La Liga,14,5,119.0,84.0,203.0,0.5862068965517241,0.41379310344827586,0.35714285714285715,0.6428571428571428
Arsenal,0,away,Premier League,4,1,48.0,20.0,68.0,0.7058823529411765,0.29411764705882354,0.25,0.75
Arsenal,0,home,Premier League,5,1,47.0,19.0,66.0,0.7121212121212122,0.2878787878787879,0.2,0.8
Arsenal,1,away,Premier League,5,5,0.0,67.0,67.0,0.0,1.0,1.0,0.0
Arsenal,1,home,Premier League,5,0,82.0,0.0,82.0,1.0,0.0,0.0,1.0
Arsenal,2,away,Premier League,5,4,13.0,61.0,74.0,0.17567567567567569,0.8243243243243243,0.8,0.19999999999999996
Arsenal,2,home,Premier League,5,2,57.0,21.0,78.0,0.7307692307692307,0.2692307692307692,0.4,0.6
Arsenal,all,away,Premier League,14,10,61.0,148.0,209.0,0.291866028708134,0.7081339712918661,0.7142857142857143,0.2857142857142857
Arsenal,all,home,Premier League,15,3,186.0,40.0,226.0,0.8230088495575221,0.17699115044247787,0.2,0.8
Aston Villa,0,away,Premier League,5,2,44.0,32.0,76.0,0.5789473684210527,0.42105263157894735,0.4,0.6
Aston Villa,0,home,Premier League,3,0,45.0,0.0,45.0,1.0,0.0,0.0,1.0
Aston Villa,1,away,Premier League,4,2,30.0,41.0,71.0,0.4225352112676056,0.5774647887323944,0.5,0.5
Aston Villa,1,home,Premier League,6,4,36.0,54.0,90.0,0.4,0.6,0.6666666666666666,0.33333333333333337
Aston Villa,2,away,Premier League,6,4,17.0,56.0,73.0,0.2328767123287671,0.7671232876712328,0.6666666666666666,0.33333333333333337
Aston Villa,2,home,Premier League,5,2,44.0,36.0,80.0,0.55,0.45,0.4,0.6
Aston Villa,all,away,Premier League,15,8,91.0,129.0,220.0,0.41363636363636364,0.5863636363636363,0.5333333333333333,0.4666666666666667
Aston Villa,all,home,Premier League,14,6,125.0,90.0,215.0,0.5813953488372093,0.4186046511627907,0.42857142857142855,0.5714285714285714
Atalanta,0,away,Serie A,5,4,19.0,79.0,98.0,0.19387755102040816,0.8061224489795918,0.8,0.19999999999999996
Atalanta,0,home,Serie A,4,1,30.0,11.0,41.0,0.7317073170731707,0.2682926829268293,0.25,0.75
Atalanta,1,away,Serie A,5,3,26.0,38.0,64.0,0.40625,0.59375,0.6,0.4
Atalanta,1,home,Serie A,5,2,41.0,33.0,74.0,0.5540540540540541,0.44594594594594594,0.4,0.6
Atalanta,2,away,Serie A,5,2,58.0,4.0,62.0,0.9354838709677419,0.06451612903225806,0.4,0.6
Atalanta,2,home,Serie A,4,1,47.0,20.0,67.0,0.7014925373134329,0.29850746268656714,0.25,0.75
Atalanta,all,away,Serie A,15,9,103.0,121.0,224.0,0.45982142857142855,0.5401785714285714,0.6,0.4
Atalanta,all,home,Serie A,13,4,118.0,64.0,182.0,0.6483516483516484,0.3516483516483517,0.3076923076923077,0.6923076923076923
Ath Bilbao,0,away,La Liga,4,3,17.0,49.0,66.0,0.25757575757575757,0.7424242424242424,0.75,0.25
Ath Bilbao,0,home,La Liga,4,4,0.0,65.0,65.0,0.0,1.0,1.0,0.0
Ath Bilbao,1,away,La Liga,5,3,21.0,47.0,68.0,0.3088235294117647,0.6911764705882353,0.6,0.4
Ath Bilbao,1,home,La Liga,5,2,51.0,17.0,68.0,0.75,0.25,0.4,0.6
Ath Bilbao,2,away,La Liga,4,0,64.0,0.0,64.0,1.0,0.0,0.0,1.0
Ath Bilbao,2,home,La Liga,5,5,0.0,55.0,55.0,0.0,1.0,1.0,0.0
Ath Bilbao,all,away,La Liga,13,6,102.0,96.0,198.0,0.5151515151515151,0.48484848484848486,0.46153846153846156,0.5384615384615384
Ath Bilbao,all,home,La Liga,14,11,51.0,137.0,188.0,0.2712765957446808,0.7287234042553191,0.7857142857142857,0.2142857142857143
Ath Madrid,0,away,La Liga,4,1,39.0,9.0,48.0,0.8125,0.1875,0.25,0.75
Ath Madrid,0,home,La Liga,5,4,6.0,69.0,75.0,0.08,0.92,0.8,0.19999999999999996
Ath Madrid,1,away,La Liga,6,5,12.0,88.0,100.0,0.12,0.88,0.8333333333333334,0.16666666666666663
Ath Madrid,1,home,La Liga,4,0,48.0,0.0,48.0,1.0,0.0,0.0,1.0
Ath Madrid,2,away,La Liga,3,2,17.0,4.0,21.0,0.8095238095238095,0.19047619047619047,0.6666666666666666,0.33333333333333337
Ath Madrid,2,home,La Liga,5,3,34.0,60.0,94.0,0.3617021276595745,0.6382978723404256,0.6,0.4
Ath Madrid,all,away,La Liga,13,8,68.0,101.0,169.0,0.40236686390532544,0.5976331360946746,0.6153846153846154,0.3846153846153846
Ath Madrid,all,home,La Liga,14,7,88.0,129.0,217.0,0.4055299539170507,0.5944700460829493,0.5,0.5
Augsburg,0,away,Bundesliga,5,0,74.0,0.0,74.0,1.0,0.0,0.0,1.0
Augsburg,0,home,Bundesliga,5,3,24.0,27.0,51.0,0.47058823529411764,0.5294117647058824,0.6,0.4
Augsburg,1,away,Bundesliga,5,2,56.0,10.0,66.0,0.8484848484848485,0.15151515151515152,0.4,0.6
Augsburg,1,home,Bundesliga,5,2,35.0,38.0,73.0,0.4794520547945205,0.5205479452054794,0.4,0.6
Augsburg,2,away,Bundesliga,3,1,20.0,22.0,42.0,0.47619047619047616,0.5238095238095238,0.3333333333333333,0.6666666666666667
Augsburg,2,home,Bundesliga,3,2,25.0,20.0,45.0,0.5555555555555556,0.4444444444444444,0.6666666666666666,0.33333333333333337
Augsburg,all,away,Bundesliga,13,3,150.0,32.0,182.0,0.8241758241758241,0.17582417582417584,0.23076923076923078,0.7692307692307692
Augsburg,all,home,Bundesliga,13,7,84.0,85.0,169.0,0.4970414201183432,0.5029585798816568,0.5384615384615384,0.46153846153846156
Barcelona,0,away,La Liga,6,3,31.0,64.0,95.0,0.3263157894736842,0.6736842105263158,0.5,0.5
Barcelona,0,home,La Liga,3,2,27.0,21.0,48.0,0.5625,0.4375,0.6666666666666666,0.33333333333333337
Barcelona,1,away,La Liga,5,4,14.0,35.0,49.0,0.2857142857142857,0.7142857142857143,0.8,0.19999999999999996
Barcelona,1,home,La Liga,4,4,0.0,53.0,53.0,0.0,1.0,1.0,0.0
Barcelona,2,away,La Liga,3,3,0.0,64.0,64.0,0.0,1.0,1.0,0.0
Barcelona,2,home,La Liga,6,5,15.0,65.0,80.0,0.1875,0.8125,0.8333333333333334,0.16666666666666663
Barcelona,all,away,La Liga,14,10,45.0,163.0,208.0,0.21634615384615385,0.7836538461538461,0.7142857142857143,0.2857142857142857
Barcelona,all,home,La Liga,13,11,42.0,139.0,181.0,0.23204419889502761,0.7679558011049724,0.8461538461538461,0.15384615384615385
Bayern Munich,0,away,Bundesliga,5,0,56.0,0.0,56.0,1.0,0.0,0.0,1.0
Bayern Munich,0,home,Bundesliga,5,3,44.0,40.0,84.0,0.5238095238095238,0.47619047619047616,0.6,0.4
Bayern Munich,1,away,Bundesliga,4,2,40.0,18.0,58.0,0.6896551724137931,0.3103448275862069,0.5,0.5
Bayern Munich,1,home,Bundesliga,6,1,71.0,2.0,73.0,0.9726027397260274,0.0273972602739726,0.16666666666666666,0.8333333333333334
Bayern Munich,2,away,Bundesliga,4,2,36.0,18.0,54.0,0.6666666666666666,0.3333333333333333,0.5,0.5
Bayern Munich,2,home,Bundesliga,2,1,6.0,20.0,26.0,0.23076923076923078,0.7692307692307693,0.5,0.5
Bayern Munich,all,away,Bundesliga,13,4,132.0,36.0,168.0,0.7857142857142857,0.21428571428571427,0.3076923076923077,0.6923076923076923
Bayern Munich,all,home,Bundesliga,13,5,121.0,62.0,183.0,0.6612021857923497,0.33879781420765026,0.38461538461538464,0.6153846153846154
Betis,0,away,La Liga,4,2,30.0,40.0,70.0,0.42857142857142855,0.5714285714285714,0.5,0.5
Betis,0,home,La Liga,5,3,31.0,45.0,76.0,0.40789473684210525,0.5921052631578947,0.6,0.4
Betis,1,away,La Liga,4,2,18.0,17.0,35.0,0.5142857142857142,0.4857142857142857,0.5,0.5
Betis,1,home,La Liga,5,2,40.0,30.0,70.0,0.5714285714285714,0.42857142857142855,0.4,0.6
Betis,2,away,La Liga,6,4,46.0,59.0,105.0,0.4380952380952381,0.5619047619047619,0.6666666666666666,0.33333333333333337
Betis,2,home,La Liga,3,1,32.0,1.0,33.0,0.9696969696969697,0.030303030303030304,0.3333333333333333,0.6666666666666667
Betis,all,away,La Liga,14,8,94.0,116.0,210.0,0.44761904761904764,0.5523809523809524,0.5714285714285714,0.4285714285714286
Betis,all,home,La Liga,13,6,103.0,76.0,179.0,0.5754189944134078,0.4245810055865922,0.46153846153846156,0.5384615384615384
Bochum,0,away,Bundesliga,6,5,26.0,62.0,88.0,0.29545454545454547,0.7045454545454546,0.8333333333333334,0.16666666666666663
Bochum,0,home,Bundesliga,5,4,11.0,58.0,69.0,0.15942028985507245,0.8405797101449275,0.8,0.19999999999999996
Bochum,1,away,Bundesliga,6,4,20.0,73.0,93.0,0.21505376344086022,0.7849462365591398,0.6666666666666666,0.33333333333333337
Bochum,1,home,Bundesliga,5,1,41.0,5.0,46.0,0.8913043478260869,0.10869565217391304,0.2,0.8
Bochum,2,away,Bundesliga,2,0,16.0,0.0,16.0,1.0,0.0,0.0,1.0
Bochum,2,home,Bundesliga,2,1,16.0,23.0,39.0,0.41025641025641024,0.5897435897435898,0.5,0.5
Bochum,all,away,Bundesliga,14,9,62.0,135.0,197.0,0.3147208121827411,0.6852791878172588,0.6428571428571429,0.3571428571428571
Bochum,all,home,Bundesliga,12,6,68.0,86.0,154.0,0.44155844155844154,0.5584415584415584,0.5,0.5
Bologna,0,away,Serie A,6,3,25.0,27.0,52.0,0.4807692307692308,0.5192307692307693,0.5,0.5
Bologna,0,home,Serie A,3,2,17.0,50.0,67.0,0.2537313432835821,0.746268656716418,0.6666666666666666,0.33333333333333337
Bologna,1,away,Serie A,4,1,51.0,25.0,76.0,0.6710526315789473,0.32894736842105265,0.25,0.75
Bologna,1,home,Serie A,6,4,19.0,72.0,91.0,0.2087912087912088,0.7912087912087912,0.6666666666666666,0.33333333333333337
Bologna,2,away,Serie A,3,0,55.0,0.0,55.0,1.0,0.0,0.0,1.0
Bologna,2,home,Serie A,6,2,34.0,31.0,65.0,0.5230769230769231,0.47692307692307695,0.3333333333333333,0.6666666666666667
Bologna,all,away,Serie A,13,4,131.0,52.0,183.0,0.7158469945355191,0.28415300546448086,0.3076923076923077,0.6923076923076923
Bologna,all,home,Serie A,15,8,70.0,153.0,223.0,0.31390134529147984,0.6860986547085202,0.5333333333333333,0.4666666666666667
Bournemouth,0,away,Premier League,6,4,34.0,71.0,105.0,0.3238095238095238,0.6761904761904762,0.6666666666666666,0.33333333333333337
Bournemouth,0,home,Premier League,6,3,62.0,11.0,73.0,0.8493150684931506,0.1506849315068493,0.5,0.5
Bournemouth,1,away,Premier League,6,5,11.0,78.0,89.0,0.12359550561797752,0.8764044943820225,0.8333333333333334,0.16666666666666663
Bournemouth,1,home,Premier League,5,4,29.0,59.0,88.0,0.32954545454545453,0.6704545454545454,0.8,0.19999999999999996
Bournemouth,2,away,Premier League,2,0,21.0,0.0,21.0,1.0,0.0,0.0,1.0
Bournemouth,2,home,Premier League,4,2,31.0,28.0,59.0,0.5254237288135594,0.4745762711864407,0.5,0.5
Bournemouth,all,away,Premier League,14,9,66.0,149.0,215.0,0.30697674418604654,0.6930232558139535,0.6428571428571429,0.3571428571428571
Bournemouth,all,home,Premier League,15,9,122.0,98.0,220.0,0.5545454545454546,0.44545454545454544,0.6,0.4
Brentford,0,away,Premier League,6,2,78.0,38.0,116.0,0.6724137931034483,0.3275862068965517,0.3333333333333333,0.6666666666666667
Brentford,0,home,Premier League,4,3,17.0,21.0,38.0,0.4473684210526316,0.5526315789473685,0.75,0.25
Brentford,1,away,Premier League,3,1,8.0,18.0,26.0,0.3076923076923077,0.6923076923076923,0.3333333333333333,0.6666666666666667
Brentford,1,home,Premier League,5,1,83.0,12.0,95.0,0.8736842105263158,0.12631578947368421,0.2,0.8
Brentford,2,away,Premier League,6,4,16.0,64.0,80.0,0.2,0.8,0.6666666666666666,0.33333333333333337
Brentford,2,home,Premier League,5,2,38.0,42.0,80.0,0.475,0.525,0.4,0.6
Brentford,all,away,Premier League,15,7,102.0,120.0,222.0,0.4594594594594595,0.5405405405405406,0.4666666666666667,0.5333333333333333
Brentford,all,home,Premier League,14,6,138.0,75.0,213.0,0.647887323943662,0.352112676056338,0.42857142857142855,0.5714285714285714
Brighton,0,away,Premier League,2,0,14.0,0.0,14.0,1.0,0.0,0.0,1.0
Brighton,0,home,Premier League,4,2,34.0,12.0,46.0,0.7391304347826086,0.2608695652173913,0.5,0.5
Brighton,1,away,Premier League,6,2,52.0,14.0,66.0,0.7878787878787878,0.21212121212121213,0.3333333333333333,0.6666666666666667
Brighton,1,home,Premier League,6,4,43.0,78.0,121.0,0.35537190082644626,0.6446280991735537,0.6666666666666666,0.33333333333333337
Brighton,2,away,Premier League,5,1,84.0,7.0,91.0,0.9230769230769231,0.07692307692307693,0.2,0.8
Brighton,2,home,Premier League,4,3,6.0,38.0,44.0,0.13636363636363635,0.8636363636363636,0.75,0.25
Brighton,all,away,Premier League,13,3,150.0,21.0,171.0,0.8771929824561403,0.12280701754385964,0.23076923076923078,0.7692307692307692
Brighton,all,home,Premier League,14,9,83.0,128.0,211.0,0.3933649289099526,0.6066350710900474,0.6428571428571429,0.3571428571428571
Cadiz,0,away,La Liga,4,2,35.0,48.0,83.0,0.42168674698795183,0.5783132530120482,0.5,0.5
Cadiz,0,home,La Liga,6,5,12.0,26.0,38.0,0.3157894736842105,0.6842105263157895,0.8333333333333334,0.16666666666666663
Cadiz,1,away,La Liga,5,3,20.0,24.0,44.0,0.45454545454545453,0.5454545454545454,0.6,0.4
Cadiz,1,home,La Liga,4,4,0.0,93.0,93.0,0.0,1.0,1.0,0.0
Cadiz,2,away,La Liga,4,3,27.0,35.0,62.0,0.43548387096774194,0.5645161290322581,0.75,0.25
Cadiz,2,home,La Liga,4,0,66.0,0.0,66.0,1.0,0.0,0.0,1.0
Cadiz,all,away,La Liga,13,8,82.0,107.0,189.0,0.43386243386243384,0.5661375661375662,0.6153846153846154,0.3846153846153846
Cadiz,all,home,La Liga,14,9,78.0,119.0,197.0,0.39593908629441626,0.6040609137055838,0.6428571428571429,0.3571428571428571
Celta,0,away,La Liga,4,1,49.0,8.0,57.0,0.8596491228070176,0.14035087719298245,0.25,0.75
Celta,0,home,La Liga,6,3,28.0,48.0,76.0,0.3684210526315789,0.631578947368421,0.5,0.5
Celta,1,away,La Liga,4,4,0.0,60.0,60.0,0.0,1.0,1.0,0.0
Celta,1,home,La Liga,4,2,28.0,30.0,58.0,0.4827586206896552,0.5172413793103449,0.5,0.5
Celta,2,away,La Liga,5,2,49.0,22.0,71.0,0.6901408450704225,0.30985915492957744,0.4,0.6
Celta,2,home,La Liga,4,1,40.0,24.0,64.0,0.625,0.375,0.25,0.75
Celta,all,away,La Liga,13,7,98.0,90.0,188.0,0.5212765957446809,0.4787234042553192,0.5384615384615384,0.46153846153846156
Celta,all,home,La Liga,14,6,96.0,102.0,198.0,0.48484848484848486,0.5151515151515151,0.42857142857142855,0.5714285714285714
Chelsea,0,away,Premier League,4,3,14.0,52.0,66.0,0.21212121212121213,0.7878787878787878,0.75,0.25
Chelsea,0,home,Premier League,5,3,15.0,63.0,78.0,0.19230769230769232,0.8076923076923077,0.6,0.4
Chelsea,1,away,Premier League,5,2,39.0,33.0,72.0,0.5416666666666666,0.4583333333333333,0.4,0.6
Chelsea,1,home,Premier League,5,4,6.0,83.0,89.0,0.06741573033707865,0.9325842696629213,0.8,0.19999999999999996
Chelsea,2,away,Premier League,5,2,50.0,4.0,54.0,0.9259259259259259,0.07407407407407407,0.4,0.6
Chelsea,2,home,Premier League,5,3,32.0,67.0,99.0,0.32323232323232326,0.6767676767676768,0.6,0.4
Chelsea,all,away,Premier League,14,7,103.0,89.0,192.0,0.5364583333333334,0.4635416666666667,0.5,0.5
Chelsea,all,home,Premier League,15,10,53.0,213.0,266.0,0.19924812030075187,0.8007518796992481,0.6666666666666666,0.33333333333333337
Cremonese,0,away,Serie A,4,2,10.0,24.0,34.0,0.29411764705882354,0.7058823529411765,0.5,0.5
Cremonese,0,home,Serie A,7,3,81.0,37.0,118.0,0.6864406779661016,0.3135593220338983,0.42857142857142855,0.5714285714285714
Cremonese,1,away,Serie A,6,1,95.0,15.0,110.0,0.8636363636363636,0.13636363636363635,0.16666666666666666,0.8333333333333334
Cremonese,1,home,Serie A,5,3,21.0,43.0,64.0,0.328125,0.671875,0.6,0.4
Cremonese,2,away,Serie A,4,1,31.0,17.0,48.0,0.6458333333333334,0.3541666666666667,0.25,0.75
Cremonese,2,home,Serie A,2,2,0.0,32.0,32.0,0.0,1.0,1.0,0.0
Cremonese,all,away,Serie A,14,4,136.0,56.0,192.0,0.7083333333333334,0.2916666666666667,0.2857142857142857,0.7142857142857143
Cremonese,all,home,Serie A,14,8,102.0,112.0,214.0,0.4766355140186916,0.5233644859813084,0.5714285714285714,0.4285714285714286
Crystal Palace,0,away,Premier League,6,3,54.0,40.0,94.0,0.574468085106383,0.425531914893617,0.5,0.5
Crystal Palace,0,home,Premier League,7,4,33.0,68.0,101.0,0.32673267326732675,0.6732673267326733,0.5714285714285714,0.4285714285714286
Crystal Palace,1,away,Premier League,4,1,41.0,20.0,61.0,0.6721311475409836,0.32786885245901637,0.25,0.75
Crystal Palace,1,home,Premier League,5,2,26.0,42.0,68.0,0.38235294117647056,0.6176470588235294,0.4,0.6
Crystal Palace,2,away,Premier League,4,4,0.0,58.0,58.0,0.0,1.0,1.0,0.0
Crystal Palace,2,home,Premier League,3,1,39.0,14.0,53.0,0.7358490566037735,0.2641509433962264,0.3333333333333333,0.6666666666666667
Crystal Palace,all,away,Premier League,14,8,95.0,118.0,213.0,0.4460093896713615,0.5539906103286385,0.5714285714285714,0.4285714285714286
Crystal Palace,all,home,Premier League,15,7,98.0,124.0,222.0,0.44144144144144143,0.5585585585585585,0.4666666666666667,0.5333333333333333
Dortmund,0,away,Bundesliga,6,3,40.0,34.0,74.0,0.5405405405405406,0.4594594594594595,0.5,0.5
Dortmund,0,home,Bundesliga,4,1,51.0,1.0,52.0,0.9807692307692307,0.019230769230769232,0.25,0.75
Dortmund,1,away,Bundesliga,6,3,40.0,56.0,96.0,0.4166666666666667,0.5833333333333334,0.5,0.5
Dortmund,1,home,Bundesliga,4,1,44.0,5.0,49.0,0.8979591836734694,0.10204081632653061,0.25,0.75
Dortmund,2,away,Bundesliga,2,1,24.0,4.0,28.0,0.8571428571428571,0.14285714285714285,0.5,0.5
Dortmund,2,home,Bundesliga,4,3,21.0,31.0,52.0,0.40384615384615385,0.5961538461538461,0.75,0.25
Dortmund,all,away,Bundesliga,14,7,104.0,94.0,198.0,0.5252525252525253,0.47474747474747475,0.5,0.5
Dortmund,all,home,Bundesliga,12,5,116.0,37.0,153.0,0.7581699346405228,0.24183006535947713,0.4166666666666667,0.5833333333333333
Ein Frankfurt,0,away,Bundesliga,4,1,57.0,25.0,82.0,0.6951219512195121,0.3048780487804878,0.25,0.75
Ein Frankfurt,0,home,Bundesliga,5,2,23.0,13.0,36.0,0.6388888888888888,0.3611111111111111,0.4,0.6
Ein Frankfurt,1,away,Bundesliga,6,1,66.0,20.0,86.0,0.7674418604651163,0.23255813953488372,0.16666666666666666,0.8333333333333334
Ein Frankfurt,1,home,Bundesliga,4,2,17.0,27.0,44.0,0.38636363636363635,0.6136363636363636,0.5,0.5
Ein Frankfurt,2,away,Bundesliga,3,1,9.0,9.0,18.0,0.5,0.5,0.3333333333333333,0.6666666666666667
Ein Frankfurt,2,home,Bundesliga,4,2,50.0,35.0,85.0,0.5882352941176471,0.4117647058823529,0.5,0.5
Ein Frankfurt,all,away,Bundesliga,13,3,132.0,54.0,186.0,0.7096774193548387,0.2903225806451613,0.23076923076923078,0.7692307692307692
Ein Frankfurt,all,home,Bundesliga,13,6,90.0,75.0,165.0,0.5454545454545454,0.45454545454545453,0.46153846153846156,0.5384615384615384
Elche,0,away,La Liga,6,6,0.0,75.0,75.0,0.0,1.0,1.0,0.0
Elche,0,home,La Liga,6,3,50.0,41.0,91.0,0.5494505494505495,0.45054945054945056,0.5,0.5
Elche,1,away,La Liga,4,2,24.0,44.0,68.0,0.35294117647058826,0.6470588235294118,0.5,0.5
Elche,1,home,La Liga,4,1,40.0,16.0,56.0,0.7142857142857143,0.2857142857142857,0.25,0.75
Elche,2,away,La Liga,3,0,33.0,0.0,33.0,1.0,0.0,0.0,1.0
Elche,2,home,La Liga,4,2,28.0,35.0,63.0,0.4444444444444444,0.5555555555555556,0.5,0.5
Elche,all,away,La Liga,13,8,57.0,119.0,176.0,0.32386363636363635,0.6761363636363636,0.6153846153846154,0.3846153846153846
Elche,all,home,La Liga,14,6,118.0,92.0,210.0,0.5619047619047619,0.4380952380952381,0.42857142857142855,0.5714285714285714
Empoli,0,away,Serie A,6,4,44.0,65.0,109.0,0.4036697247706422,0.5963302752293578,0.6666666666666666,0.33333333333333337
Empoli,0,home,Serie A,4,2,14.0,36.0,50.0,0.28,0.72,0.5,0.5
Empoli,1,away,Serie A,5,1,73.0,7.0,80.0,0.9125,0.0875,0.2,0.8
Empoli,1,home,Serie A,5,4,20.0,51.0,71.0,0.28169014084507044,0.7183098591549296,0.8,0.19999999999999996
Empoli,2,away,Serie A,3,1,8.0,1.0,9.0,0.8888888888888888,0.1111111111111111,0.3333333333333333,0.6666666666666667
Empoli,2,home,Serie A,5,3,26.0,61.0,87.0,0.2988505747126437,0.7011494252873564,0.6,0.4
Empoli,all,away,Serie A,14,6,125.0,73.0,198.0,0.6313131313131313,0.3686868686868687,0.42857142857142855,0.5714285714285714
Empoli,all,home,Serie A,14,9,60.0,148.0,208.0,0.28846153846153844,0.7115384615384616,0.6428571428571429,0.3571428571428571
Espanol,0,away,La Liga,5,1,60.0,4.0,64.0,0.9375,0.0625,0.2,0.8
Espanol,0,home,La Liga,4,2,25.0,32.0,57.0,0.43859649122807015,0.5614035087719298,0.5,0.5
Espanol,1,away,La Liga,5,1,49.0,10.0,59.0,0.8305084745762712,0.1694915254237288,0.2,0.8
Espanol,1,home,La Liga,6,1,93.0,2.0,95.0,0.9789473684210527,0.021052631578947368,0.16666666666666666,0.8333333333333334
Espanol,2,away,La Liga,4,1,61.0,23.0,84.0,0.7261904761904762,0.27380952380952384,0.25,0.75
Espanol,2,home,La Liga,3,1,18.0,9.0,27.0,0.6666666666666666,0.3333333333333333,0.3333333333333333,0.6666666666666667
Espanol,all,away,La Liga,14,3,170.0,37.0,207.0,0.821256038647343,0.178743961352657,0.21428571428571427,0.7857142857142857
Espanol,all,home,La Liga,13,4,136.0,43.0,179.0,0.7597765363128491,0.24022346368715083,0.3076923076923077,0.6923076923076923
Everton,0,away,Premier League,5,3,20.0,30.0,50.0,0.4,0.6,0.6,0.4
Everton,0,home,Premier League,5,2,58.0,47.0,105.0,0.5523809523809524,0.44761904761904764,0.4,0.6
Everton,1,away,Premier League,5,3,32.0,58.0,90.0,0.35555555555555557,0.6444444444444445,0.6,0.4
Everton,1,home,Premier League,6,5,17.0,55.0,72.0,0.2361111111111111,0.7638888888888888,0.8333333333333334,0.16666666666666663
Everton,2,away,Premier League,4,1,40.0,16.0,56.0,0.7142857142857143,0.2857142857142857,0.25,0.75
Everton,2,home,Premier League,4,2,23.0,39.0,62.0,0.3709677419354839,0.6290322580645161,0.5,0.5
Everton,all,away,Premier League,14,7,92.0,104.0,196.0,0.46938775510204084,0.5306122448979592,0.5,0.5
Everton,all,home,Premier League,15,9,98.0,141.0,239.0,0.4100418410041841,0.5899581589958159,0.6,0.4
FC Koln,0,away,Bundesliga,6,2,47.0,36.0,83.0,0.5662650602409639,0.43373493975903615,0.3333333333333333,0.6666666666666667
FC Koln,0,home,Bundesliga,5,3,22.0,45.0,67.0,0.3283582089552239,0.6716417910447762,0.6,0.4
FC Koln,1,away,Bundesliga,3,1,14.0,11.0,25.0,0.56,0.44,0.3333333333333333,0.6666666666666667
FC Koln,1,home,Bundesliga,5,2,38.0,48.0,86.0,0.4418604651162791,0.5581395348837209,0.4,0.6
FC Koln,2,away,Bundesliga,4,3,7.0,54.0,61.0,0.11475409836065574,0.8852459016393442,0.75,0.25
FC Koln,2,home,Bundesliga,3,2,1.0,28.0,29.0,0.034482758620689655,0.9655172413793104,0.6666666666666666,0.33333333333333337
FC Koln,all,away,Bundesliga,13,6,68.0,101.0,169.0,0.40236686390532544,0.5976331360946746,0.46153846153846156,0.5384615384615384
FC Koln,all,home,Bundesliga,13,7,61.0,121.0,182.0,0.33516483516483514,0.6648351648351648,0.5384615384615384,0.46153846153846156
Fiorentina,0,away,Serie A,6,4,35.0,76.0,111.0,0.3153153153153153,0.6846846846846847,0.6666666666666666,0.33333333333333337
Fiorentina,0,home,Serie A,5,2,41.0,12.0,53.0,0.7735849056603774,0.22641509433962265,0.4,0.6
Fiorentina,1,away,Serie A,3,2,6.0,6.0,12.0,0.5,0.5,0.6666666666666666,0.33333333333333337
Fiorentina,1,home,Serie A,5,1,77.0,19.0,96.0,0.8020833333333334,0.19791666666666666,0.2,0.8
Fiorentina,2,away,Serie A,5,3,22.0,63.0,85.0,0.25882352941176473,0.7411764705882353,0.6,0.4
Fiorentina,2,home,Serie A,4,2,15.0,34.0,49.0,0.30612244897959184,0.6938775510204082,0.5,0.5
Fiorentina,all,away,Serie A,14,9,63.0,145.0,208.0,0.30288461538461536,0.6971153846153846,0.6428571428571429,0.3571428571428571
Fiorentina,all,home,Serie A,14,5,133.0,65.0,198.0,0.6717171717171717,0.3282828282828283,0.35714285714285715,0.6428571428571428
Freiburg,0,away,Bundesliga,4,1,38.0,10.0,48.0,0.7916666666666666,0.20833333333333334,0.25,0.75
Freiburg,0,home,Bundesliga,4,0,56.0,0.0,56.0,1.0,0.0,0.0,1.0
Freiburg,1,away,Bundesliga,5,4,25.0,47.0,72.0,0.3472222222222222,0.6527777777777778,0.8,0.19999999999999996
Freiburg,1,home,Bundesliga,6,3,50.0,30.0,80.0,0.625,0.375,0.5,0.5
Freiburg,2,away,Bundesliga,4,3,9.0,36.0,45.0,0.2,0.8,0.75,0.25
Freiburg,2,home,Bundesliga,3,1,46.0,4.0,50.0,0.92,0.08,0.3333333333333333,0.6666666666666667
Freiburg,all,away,Bundesliga,13,8,72.0,93.0,165.0,0.43636363636363634,0.5636363636363636,0.6153846153846154,0.3846153846153846
Freiburg,all,home,Bundesliga,13,4,152.0,34.0,186.0,0.8172043010752689,0.1827956989247312,0.3076923076923077,0.6923076923076923
Fulham,0,away,Premier League,5,2,25.0,44.0,69.0,0.36231884057971014,0.6376811594202898,0.4,0.6
Fulham,0,home,Premier League,6,3,30.0,60.0,90.0,0.3333333333333333,0.6666666666666666,0.5,0.5
Fulham,1,away,Premier League,5,3,36.0,41.0,77.0,0.4675324675324675,0.5324675324675324,0.6,0.4
Fulham,1,home,Premier League,4,0,36.0,0.0,36.0,1.0,0.0,0.0,1.0
Fulham,2,away,Premier League,4,1,50.0,19.0,69.0,0.7246376811594203,0.2753623188405797,0.25,0.75
Fulham,2,home,Premier League,4,2,29.0,37.0,66.0,0.4393939393939394,0.5606060606060606,0.5,0.5
Fulham,all,away,Premier League,14,6,111.0,104.0,215.0,0.5162790697674419,0.48372093023255813,0.42857142857142855,0.5714285714285714
Fulham,all,home,Premier League,14,5,95.0,97.0,192.0,0.4947916666666667,0.5052083333333334,0.35714285714285715,0.6428571428571428
Getafe,0,away,La Liga,4,2,45.0,46.0,91.0,0.4945054945054945,0.5054945054945055,0.5,0.5
Getafe,0,home,La Liga,6,4,15.0,31.0,46.0,0.32608695652173914,0.6739130434782609,0.6666666666666666,0.33333333333333337
Getafe,1,away,La Liga,6,2,55.0,15.0,70.0,0.7857142857142857,0.21428571428571427,0.3333333333333333,0.6666666666666667
Getafe,1,home,La Liga,5,3,47.0,55.0,102.0,0.46078431372549017,0.5392156862745098,0.6,0.4
Getafe,2,away,La Liga,3,2,4.0,26.0,30.0,0.13333333333333333,0.8666666666666667,0.6666666666666666,0.33333333333333337
Getafe,2,home,La Liga,3,1,24.0,23.0,47.0,0.5106382978723404,0.48936170212765956,0.3333333333333333,0.6666666666666667
Getafe,all,away,La Liga,13,6,104.0,87.0,191.0,0.5445026178010471,0.45549738219895286,0.46153846153846156,0.5384615384615384
Getafe,all,home,La Liga,14,8,86.0,109.0,195.0,0.441025641025641,0.558974358974359,0.5714285714285714,0.4285714285714286
Girona,0,away,La Liga,5,1,50.0,18.0,68.0,0.7352941176470589,0.2647058823529412,0.2,0.8
Girona,0,home,La Liga,4,2,20.0,45.0,65.0,0.3076923076923077,0.6923076923076923,0.5,0.5
Girona,1,away,La Liga,3,1,31.0,22.0,53.0,0.5849056603773585,0.41509433962264153,0.3333333333333333,0.6666666666666667
Girona,1,home,La Liga,5,1,52.0,3.0,55.0,0.9454545454545454,0.05454545454545454,0.2,0.8
Girona,2,away,La Liga,5,1,65.0,1.0,66.0,0.9848484848484849,0.015151515151515152,0.2,0.8
Girona,2,home,La Liga,5,1,58.0,21.0,79.0,0.7341772151898734,0.26582278481012656,0.2,0.8
Girona,all,away,La Liga,13,3,146.0,41.0,187.0,0.7807486631016043,0.2192513368983957,0.23076923076923078,0.7692307692307692
Girona,all,home,La Liga,14,4,130.0,69.0,199.0,0.6532663316582915,0.34673366834170855,0.2857142857142857,0.7142857142857143
Hertha,0,away,Bundesliga,6,1,81.0,19.0,100.0,0.81,0.19,0.16666666666666666,0.8333333333333334
Hertha,0,home,Bundesliga,6,2,30.0,22.0,52.0,0.5769230769230769,0.4230769230769231,0.3333333333333333,0.6666666666666667
Hertha,1,away,Bundesliga,5,3,32.0,20.0,52.0,0.6153846153846154,0.38461538461538464,0.6,0.4
Hertha,1,home,Bundesliga,6,3,52.0,54.0,106.0,0.49056603773584906,0.5094339622641509,0.5,0.5
Hertha,2,away,Bundesliga,2,0,30.0,0.0,30.0,1.0,0.0,0.0,1.0
Hertha,2,home,Bundesliga,1,0,11.0,0.0,11.0,1.0,0.0,0.0,1.0
Hertha,all,away,Bundesliga,13,4,143.0,39.0,182.0,0.7857142857142857,0.21428571428571427,0.3076923076923077,0.6923076923076923
Hertha,all,home,Bundesliga,13,5,93.0,76.0,169.0,0.5502958579881657,0.44970414201183434,0.38461538461538464,0.6153846153846154
Hoffenheim,0,away,Bundesliga,5,2,54.0,8.0,62.0,0.8709677419354839,0.12903225806451613,0.4,0.6
Hoffenheim,0,home,Bundesliga,5,3,33.0,40.0,73.0,0.4520547945205479,0.547945205479452,0.6,0.4
Hoffenheim,1,away,Bundesliga,5,2,39.0,44.0,83.0,0.46987951807228917,0.5301204819277109,0.4,0.6
Hoffenheim,1,home,Bundesliga,5,1,48.0,4.0,52.0,0.9230769230769231,0.07692307692307693,0.2,0.8
Hoffenheim,2,away,Bundesliga,3,1,27.0,10.0,37.0,0.7297297297297297,0.2702702702702703,0.3333333333333333,0.6666666666666667
Hoffenheim,2,home,Bundesliga,3,0,44.0,0.0,44.0,1.0,0.0,0.0,1.0
Hoffenheim,all,away,Bundesliga,13,5,120.0,62.0,182.0,0.6593406593406593,0.34065934065934067,0.38461538461538464,0.6153846153846154
Hoffenheim,all,home,Bundesliga,13,4,125.0,44.0,169.0,0.7396449704142012,0.2603550295857988,0.3076923076923077,0.6923076923076923
Inter,0,away,Serie A,4,1,23.0,13.0,36.0,0.6388888888888888,0.3611111111111111,0.25,0.75
Inter,0,home,Serie A,4,3,8.0,64.0,72.0,0.1111111111111111,0.8888888888888888,0.75,0.25
Inter,1,away,Serie A,5,1,44.0,24.0,68.0,0.6470588235294118,0.35294117647058826,0.2,0.8
Inter,1,home,Serie A,5,3,37.0,53.0,90.0,0.4111111111111111,0.5888888888888889,0.6,0.4
Inter,2,away,Serie A,4,1,47.0,22.0,69.0,0.6811594202898551,0.3188405797101449,0.25,0.75
Inter,2,home,Serie A,6,5,4.0,67.0,71.0,0.056338028169014086,0.9436619718309859,0.8333333333333334,0.16666666666666663
Inter,all,away,Serie A,13,3,114.0,59.0,173.0,0.6589595375722543,0.34104046242774566,0.23076923076923078,0.7692307692307692
Inter,all,home,Serie A,15,11,49.0,184.0,233.0,0.21030042918454936,0.7896995708154506,0.7333333333333333,0.2666666666666667
Juventus,0,away,Serie A,4,3,18.0,61.0,79.0,0.22784810126582278,0.7721518987341772,0.75,0.25
Juventus,0,home,Serie A,4,2,22.0,28.0,50.0,0.44,0.56,0.5,0.5
Juventus,1,away,Serie A,3,2,5.0,17.0,22.0,0.22727272727272727,0.7727272727272727,0.6666666666666666,0.33333333333333337
Juventus,1,home,Serie A,7,6,24.0,79.0,103.0,0.23300970873786409,0.7669902912621359,0.8571428571428571,0.1428571428571429
Juventus,2,away,Serie A,6,6,0.0,88.0,88.0,0.0,1.0,1.0,0.0
Juventus,2,home,Serie A,4,2,32.0,32.0,64.0,0.5,0.5,0.5,0.5
Juventus,all,away,Serie A,13,11,23.0,166.0,189.0,0.12169312169312169,0.8783068783068783,0.8461538461538461,0.15384615384615385
Juventus,all,home,Serie A,15,10,78.0,139.0,217.0,0.35944700460829493,0.6405529953917051,0.6666666666666666,0.33333333333333337
Lazio,0,away,Serie A,4,4,0.0,64.0,64.0,0.0,1.0,1.0,0.0
Lazio,0,home,Serie A,5,3,8.0,68.0,76.0,0.10526315789473684,0.8947368421052632,0.6,0.4
Lazio,1,away,Serie A,5,5,0.0,83.0,83.0,0.0,1.0,1.0,0.0
Lazio,1,home,Serie A,5,2,38.0,24.0,62.0,0.6129032258064516,0.3870967741935484,0.4,0.6
Lazio,2,away,Serie A,5,2,41.0,30.0,71.0,0.5774647887323944,0.4225352112676056,0.4,0.6
Lazio,2,home,Serie A,4,3,12.0,38.0,50.0,0.24,0.76,0.75,0.25
Lazio,all,away,Serie A,14,11,41.0,177.0,218.0,0.18807339449541285,0.8119266055045872,0.7857142857142857,0.2142857142857143
Lazio,all,home,Serie A,14,8,58.0,130.0,188.0,0.30851063829787234,0.6914893617021277,0.5714285714285714,0.4285714285714286
Lecce,0,away,Serie A,4,1,36.0,25.0,61.0,0.5901639344262295,0.4098360655737705,0.25,0.75
Lecce,0,home,Serie A,6,1,71.0,12.0,83.0,0.8554216867469879,0.14457831325301204,0.16666666666666666,0.8333333333333334
Lecce,1,away,Serie A,6,5,13.0,73.0,86.0,0.1511627906976744,0.8488372093023255,0.8333333333333334,0.16666666666666663
Lecce,1,home,Serie A,5,2,19.0,50.0,69.0,0.2753623188405797,0.7246376811594203,0.4,0.6
Lecce,2,away,Serie A,5,4,7.0,72.0,79.0,0.08860759493670886,0.9113924050632911,0.8,0.19999999999999996
Lecce,2,home,Serie A,2,0,28.0,0.0,28.0,1.0,0.0,0.0,1.0
Lecce,all,away,Serie A,15,10,56.0,170.0,226.0,0.24778761061946902,0.7522123893805309,0.6666666666666666,0.33333333333333337
Lecce,all,home,Serie A,13,3,118.0,62.0,180.0,0.6555555555555556,0.34444444444444444,0.23076923076923078,0.7692307692307692
Leeds,0,away,Premier League,6,2,73.0,22.0,95.0,0.7684210526315789,0.23157894736842105,0.3333333333333333,0.6666666666666667
Leeds,0,home,Premier League,5,3,44.0,43.0,87.0,0.5057471264367817,0.4942528735632184,0.6,0.4
Leeds,1,away,Premier League,5,1,58.0,26.0,84.0,0.6904761904761905,0.30952380952380953,0.2,0.8
Leeds,1,home,Premier League,5,2,33.0,24.0,57.0,0.5789473684210527,0.42105263157894735,0.4,0.6
Leeds,2,away,Premier League,4,3,2.0,58.0,60.0,0.03333333333333333,0.9666666666666667,0.75,0.25
Leeds,2,home,Premier League,4,1,27.0,25.0,52.0,0.5192307692307693,0.4807692307692308,0.25,0.75
Leeds,all,away,Premier League,15,6,133.0,106.0,239.0,0.5564853556485355,0.4435146443514644,0.4,0.6
Leeds,all,home,Premier League,14,6,104.0,92.0,196.0,0.5306122448979592,0.46938775510204084,0.42857142857142855,0.5714285714285714
Leicester,0,away,Premier League,5,1,38.0,24.0,62.0,0.6129032258064516,0.3870967741935484,0.2,0.8
Leicester,0,home,Premier League,7,4,51.0,61.0,112.0,0.45535714285714285,0.5446428571428571,0.5714285714285714,0.4285714285714286
Leicester,1,away,Premier League,6,2,79.0,29.0,108.0,0.7314814814814815,0.26851851851851855,0.3333333333333333,0.6666666666666667
Leicester,1,home,Premier League,4,2,28.0,30.0,58.0,0.4827586206896552,0.5172413793103449,0.5,0.5
Leicester,2,away,Premier League,4,3,10.0,61.0,71.0,0.14084507042253522,0.8591549295774648,0.75,0.25
Leicester,2,home,Premier League,3,2,3.0,21.0,24.0,0.125,0.875,0.6666666666666666,0.33333333333333337
Leicester,all,away,Premier League,15,6,127.0,114.0,241.0,0.5269709543568465,0.4730290456431535,0.4,0.6
Leicester,all,home,Premier League,14,8,82.0,112.0,194.0,0.422680412371134,0.5773195876288659,0.5714285714285714,0.4285714285714286
Leverkusen,0,away,Bundesliga,5,3,32.0,21.0,53.0,0.6037735849056604,0.39622641509433965,0.6,0.4
Leverkusen,0,home,Bundesliga,4,2,30.0,31.0,61.0,0.4918032786885246,0.5081967213114754,0.5,0.5
Leverkusen,1,away,Bundesliga,6,2,74.0,23.0,97.0,0.7628865979381443,0.23711340206185566,0.3333333333333333,0.6666666666666667
Leverkusen,1,home,Bundesliga,5,1,41.0,3.0,44.0,0.9318181818181818,0.06818181818181818,0.2,0.8
Leverkusen,2,away,Bundesliga,2,1,6.0,26.0,32.0,0.1875,0.8125,0.5,0.5
Leverkusen,2,home,Bundesliga,4,3,23.0,41.0,64.0,0.359375,0.640625,0.75,0.25
Leverkusen,all,away,Bundesliga,13,6,112.0,70.0,182.0,0.6153846153846154,0.38461538461538464,0.46153846153846156,0.5384615384615384
Leverkusen,all,home,Bundesliga,13,6,94.0,75.0,169.0,0.5562130177514792,0.4437869822485207,0.46153846153846156,0.5384615384615384
Liverpool,0,away,Premier League,7,2,74.0,44.0,118.0,0.6271186440677966,0.3728813559322034,0.2857142857142857,0.7142857142857143
Liverpool,0,home,Premier League,4,2,14.0,37.0,51.0,0.27450980392156865,0.7254901960784313,0.5,0.5
Liverpool,1,away,Premier League,5,3,20.0,78.0,98.0,0.20408163265306123,0.7959183673469388,0.6,0.4
Liverpool,1,home,Premier League,4,3,2.0,40.0,42.0,0.047619047619047616,0.9523809523809523,0.75,0.25
Liverpool,2,away,Premier League,3,3,0.0,46.0,46.0,0.0,1.0,1.0,0.0
Liverpool,2,home,Premier League,5,2,48.0,27.0,75.0,0.64,0.36,0.4,0.6
Liverpool,all,away,Premier League,15,8,94.0,168.0,262.0,0.35877862595419846,0.6412213740458015,0.5333333333333333,0.4666666666666667
Liverpool,all,home,Premier League,13,7,64.0,104.0,168.0,0.38095238095238093,0.6190476190476191,0.5384615384615384,0.46153846153846156
M'gladbach,0,away,Bundesliga,4,2,16.0,30.0,46.0,0.34782608695652173,0.6521739130434783,0.5,0.5
M'gladbach,0,home,Bundesliga,6,2,63.0,30.0,93.0,0.6774193548387096,0.3225806451612903,0.3333333333333333,0.6666666666666667
M'gladbach,1,away,Bundesliga,6,3,36.0,65.0,101.0,0.3564356435643564,0.6435643564356436,0.5,0.5
M'gladbach,1,home,Bundesliga,4,1,35.0,5.0,40.0,0.875,0.125,0.25,0.75
M'gladbach,2,away,Bundesliga,3,0,36.0,0.0,36.0,1.0,0.0,0.0,1.0
M'gladbach,2,home,Bundesliga,3,2,13.0,22.0,35.0,0.37142857142857144,0.6285714285714286,0.6666666666666666,0.33333333333333337
M'gladbach,all,away,Bundesliga,13,5,88.0,95.0,183.0,0.4808743169398907,0.5191256830601093,0.38461538461538464,0.6153846153846154
M'gladbach,all,home,Bundesliga,13,5,111.0,57.0,168.0,0.6607142857142857,0.3392857142857143,0.38461538461538464,0.6153846153846154
Mainz,0,away,Bundesliga,5,1,60.0,26.0,86.0,0.6976744186046512,0.3023255813953488,0.2,0.8
Mainz,0,home,Bundesliga,6,2,66.0,6.0,72.0,0.9166666666666666,0.08333333333333333,0.3333333333333333,0.6666666666666667
Mainz,1,away,Bundesliga,4,2,9.0,15.0,24.0,0.375,0.625,0.5,0.5
Mainz,1,home,Bundesliga,5,4,20.0,69.0,89.0,0.2247191011235955,0.7752808988764045,0.8,0.19999999999999996
Mainz,2,away,Bundesliga,4,1,41.0,14.0,55.0,0.7454545454545455,0.2545454545454545,0.25,0.75
Mainz,2,home,Bundesliga,2,0,25.0,0.0,25.0,1.0,0.0,0.0,1.0
Mainz,all,away,Bundesliga,13,4,110.0,55.0,165.0,0.6666666666666666,0.3333333333333333,0.3076923076923077,0.6923076923076923
Mainz,all,home,Bundesliga,13,6,111.0,75.0,186.0,0.5967741935483871,0.4032258064516129,0.46153846153846156,0.5384615384615384
Mallorca,0,away,La Liga,5,4,5.0,51.0,56.0,0.08928571428571429,0.9107142857142857,0.8,0.19999999999999996
Mallorca,0,home,La Liga,6,3,51.0,42.0,93.0,0.5483870967741935,0.45161290322580644,0.5,0.5
Mallorca,1,away,La Liga,4,4,0.0,61.0,61.0,0.0,1.0,1.0,0.0
Mallorca,1,home,La Liga,4,3,4.0,55.0,59.0,0.06779661016949153,0.9322033898305084,0.75,0.25
Mallorca,2,away,La Liga,4,1,43.0,15.0,58.0,0.7413793103448276,0.25862068965517243,0.25,0.75
Mallorca,2,home,La Liga,4,3,12.0,47.0,59.0,0.2033898305084746,0.7966101694915254,0.75,0.25
Mallorca,all,away,La Liga,13,9,48.0,127.0,175.0,0.2742857142857143,0.7257142857142858,0.6923076923076923,0.3076923076923077
Mallorca,all,home,La Liga,14,9,67.0,144.0,211.0,0.3175355450236967,0.6824644549763034,0.6428571428571429,0.3571428571428571
Man City,0,away,Premier League,5,1,41.0,22.0,63.0,0.6507936507936508,0.3492063492063492,0.2,0.8
Man City,0,home,Premier League,5,1,52.0,26.0,78.0,0.6666666666666666,0.3333333333333333,0.2,0.8
Man City,1,away,Premier League,5,5,0.0,66.0,66.0,0.0,1.0,1.0,0.0
Man City,1,home,Premier League,5,1,64.0,21.0,85.0,0.7529411764705882,0.24705882352941178,0.2,0.8
Man City,2,away,Premier League,4,1,66.0,14.0,80.0,0.825,0.175,0.25,0.75
Man City,2,home,Premier League,4,3,18.0,17.0,35.0,0.5142857142857142,0.4857142857142857,0.75,0.25
Man City,all,away,Premier League,14,7,107.0,102.0,209.0,0.5119617224880383,0.4880382775119617,0.5,0.5
Man City,all,home,Premier League,14,5,134.0,64.0,198.0,0.6767676767676768,0.32323232323232326,0.35714285714285715,0.6428571428571428
Man United,0,away,Premier League,4,1,45.0,29.0,74.0,0.6081081081081081,0.3918918918918919,0.25,0.75
Man United,0,home,Premier League,5,2,27.0,23.0,50.0,0.54,0.46,0.4,0.6
Man United,1,away,Premier League,6,3,36.0,46.0,82.0,0.43902439024390244,0.5609756097560976,0.5,0.5
Man United,1,home,Premier League,4,2,25.0,39.0,64.0,0.390625,0.609375,0.5,0.5
Man United,2,away,Premier League,4,3,10.0,32.0,42.0,0.23809523809523808,0.7619047619047619,0.75,0.25
Man United,2,home,Premier League,5,4,8.0,87.0,95.0,0.08421052631578947,0.9157894736842105,0.8,0.19999999999999996
Man United,all,away,Premier League,14,7,91.0,107.0,198.0,0.4595959595959596,0.5404040404040404,0.5,0.5
Man United,all,home,Premier League,14,8,60.0,149.0,209.0,0.28708133971291866,0.7129186602870813,0.5714285714285714,0.4285714285714286
Milan,0,away,Serie A,4,3,2.0,68.0,70.0,0.02857142857142857,0.9714285714285714,0.75,0.25
Milan,0,home,Serie A,5,2,29.0,33.0,62.0,0.46774193548387094,0.532258064516129,0.4,0.6
Milan,1,away,Serie A,6,2,72.0,27.0,99.0,0.7272727272727273,0.2727272727272727,0.3333333333333333,0.6666666666666667
Milan,1,home,Serie A,6,2,47.0,25.0,72.0,0.6527777777777778,0.3472222222222222,0.3333333333333333,0.6666666666666667
Milan,2,away,Serie A,5,1,50.0,14.0,64.0,0.78125,0.21875,0.2,0.8
Milan,2,home,Serie A,2,0,39.0,0.0,39.0,1.0,0.0,0.0,1.0
Milan,all,away,Serie A,15,6,124.0,109.0,233.0,0.5321888412017167,0.4678111587982833,0.4,0.6
Milan,all,home,Serie A,13,4,115.0,58.0,173.0,0.6647398843930635,0.3352601156069364,0.3076923076923077,0.6923076923076923
Monza,0,away,Serie A,5,4,11.0,40.0,51.0,0.21568627450980393,0.7843137254901961,0.8,0.19999999999999996
Monza,0,home,Serie A,5,4,17.0,63.0,80.0,0.2125,0.7875,0.8,0.19999999999999996
Monza,1,away,Serie A,3,2,16.0,32.0,48.0,0.3333333333333333,0.6666666666666666,0.6666666666666666,0.33333333333333337
Monza,1,home,Serie A,5,0,60.0,0.0,60.0,1.0,0.0,0.0,1.0
Monza,2,away,Serie A,5,2,50.0,32.0,82.0,0.6097560975609756,0.3902439024390244,0.4,0.6
Monza,2,home,Serie A,5,3,48.0,37.0,85.0,0.5647058823529412,0.43529411764705883,0.6,0.4
Monza,all,away,Serie A,13,8,77.0,104.0,181.0,0.425414364640884,0.574585635359116,0.6153846153846154,0.3846153846153846
Monza,all,home,Serie A,15,7,125.0,100.0,225.0,0.5555555555555556,0.4444444444444444,0.4666666666666667,0.5333333333333333
Napoli,0,away,Serie A,5,2,25.0,27.0,52.0,0.4807692307692308,0.5192307692307693,0.4,0.6
Napoli,0,home,Serie A,5,3,38.0,79.0,117.0,0.3247863247863248,0.6752136752136753,0.6,0.4
Napoli,1,away,Serie A,4,4,0.0,77.0,77.0,0.0,1.0,1.0,0.0
Napoli,1,home,Serie A,6,3,33.0,28.0,61.0,0.5409836065573771,0.45901639344262296,0.5,0.5
Napoli,2,away,Serie A,5,3,10.0,57.0,67.0,0.14925373134328357,0.8507462686567164,0.6,0.4
Napoli,2,home,Serie A,3,2,4.0,28.0,32.0,0.125,0.875,0.6666666666666666,0.33333333333333337
Napoli,all,away,Serie A,14,9,35.0,161.0,196.0,0.17857142857142858,0.8214285714285714,0.6428571428571429,0.3571428571428571
Napoli,all,home,Serie A,14,8,75.0,135.0,210.0,0.35714285714285715,0.6428571428571429,0.5714285714285714,0.4285714285714286
Newcastle,0,away,Premier League,5,4,13.0,58.0,71.0,0.18309859154929578,0.8169014084507042,0.8,0.19999999999999996
Newcastle,0,home,Premier League,3,2,3.0,43.0,46.0,0.06521739130434782,0.9347826086956522,0.6666666666666666,0.33333333333333337
Newcastle,1,away,Premier League,5,1,48.0,21.0,69.0,0.6956521739130435,0.30434782608695654,0.2,0.8
Newcastle,1,home,Premier League,7,4,59.0,66.0,125.0,0.472,0.528,0.5714285714285714,0.4285714285714286
Newcastle,2,away,Premier League,4,1,66.0,17.0,83.0,0.7951807228915663,0.20481927710843373,0.25,0.75
Newcastle,2,home,Premier League,4,3,8.0,31.0,39.0,0.20512820512820512,0.7948717948717948,0.75,0.25
Newcastle,all,away,Premier League,14,6,127.0,96.0,223.0,0.5695067264573991,0.4304932735426009,0.42857142857142855,0.5714285714285714
Newcastle,all,home,Premier League,14,9,70.0,140.0,210.0,0.3333333333333333,0.6666666666666666,0.6428571428571429,0.3571428571428571
Nott'm Forest,0,away,Premier League,6,5,27.0,49.0,76.0,0.35526315789473684,0.6447368421052632,0.8333333333333334,0.16666666666666663
Nott'm Forest,0,home,Premier League,4,1,62.0,4.0,66.0,0.9393939393939394,0.06060606060606061,0.25,0.75
Nott'm Forest,1,away,Premier League,3,3,0.0,59.0,59.0,0.0,1.0,1.0,0.0
Nott'm Forest,1,home,Premier League,7,3,70.0,31.0,101.0,0.693069306930693,0.3069306930693069,0.42857142857142855,0.5714285714285714
Nott'm Forest,2,away,Premier League,5,2,31.0,28.0,59.0,0.5254237288135594,0.4745762711864407,0.4,0.6
Nott'm Forest,2,home,Premier League,4,2,32.0,42.0,74.0,0.43243243243243246,0.5675675675675675,0.5,0.5
Nott'm Forest,all,away,Premier League,14,10,58.0,136.0,194.0,0.29896907216494845,0.7010309278350515,0.7142857142857143,0.2857142857142857
Nott'm Forest,all,home,Premier League,15,6,164.0,77.0,241.0,0.6804979253112033,0.31950207468879666,0.4,0.6
Osasuna,0,away,La Liga,5,4,7.0,43.0,50.0,0.14,0.86,0.8,0.19999999999999996
Osasuna,0,home,La Liga,4,3,14.0,69.0,83.0,0.1686746987951807,0.8313253012048193,0.75,0.25
Osasuna,1,away,La Liga,4,1,48.0,28.0,76.0,0.631578947368421,0.3684210526315789,0.25,0.75
Osasuna,1,home,La Liga,5,3,5.0,44.0,49.0,0.10204081632653061,0.8979591836734694,0.6,0.4
Osasuna,2,away,La Liga,5,3,39.0,53.0,92.0,0.42391304347826086,0.5760869565217391,0.6,0.4
Osasuna,2,home,La Liga,4,3,8.0,28.0,36.0,0.2222222222222222,0.7777777777777778,0.75,0.25
Osasuna,all,away,La Liga,14,8,94.0,124.0,218.0,0.43119266055045874,0.5688073394495413,0.5714285714285714,0.4285714285714286
Osasuna,all,home,La Liga,13,9,27.0,141.0,168.0,0.16071428571428573,0.8392857142857143,0.6923076923076923,0.3076923076923077
RB Leipzig,0,away,Bundesliga,3,1,26.0,5.0,31.0,0.8387096774193549,0.16129032258064516,0.3333333333333333,0.6666666666666667
RB Leipzig,0,home,Bundesliga,6,2,72.0,18.0,90.0,0.8,0.2,0.3333333333333333,0.6666666666666667
RB Leipzig,1,away,Bundesliga,7,3,48.0,47.0,95.0,0.5052631578947369,0.49473684210526314,0.42857142857142855,0.5714285714285714
RB Leipzig,1,home,Bundesliga,4,3,2.0,54.0,56.0,0.03571428571428571,0.9642857142857143,0.75,0.25
RB Leipzig,2,away,Bundesliga,3,1,18.0,25.0,43.0,0.4186046511627907,0.5813953488372093,0.3333333333333333,0.6666666666666667
RB Leipzig,2,home,Bundesliga,3,1,28.0,8.0,36.0,0.7777777777777778,0.2222222222222222,0.3333333333333333,0.6666666666666667
RB Leipzig,all,away,Bundesliga,13,5,92.0,77.0,169.0,0.5443786982248521,0.4556213017751479,0.38461538461538464,0.6153846153846154
RB Leipzig,all,home,Bundesliga,13,6,102.0,80.0,182.0,0.5604395604395604,0.43956043956043955,0.46153846153846156,0.5384615384615384
Real Madrid,0,away,La Liga,5,2,49.0,43.0,92.0,0.532608695652174,0.4673913043478261,0.4,0.6
Real Madrid,0,home,La Liga,4,1,37.0,19.0,56.0,0.6607142857142857,0.3392857142857143,0.25,0.75
Real Madrid,1,away,La Liga,4,2,15.0,44.0,59.0,0.2542372881355932,0.7457627118644068,0.5,0.5
Real Madrid,1,home,La Liga,5,0,49.0,0.0,49.0,1.0,0.0,0.0,1.0
Real Madrid,2,away,La Liga,5,3,4.0,33.0,37.0,0.10810810810810811,0.8918918918918919,0.6,0.4
Real Madrid,2,home,La Liga,4,3,26.0,67.0,93.0,0.27956989247311825,0.7204301075268817,0.75,0.25
Real Madrid,all,away,La Liga,14,7,68.0,120.0,188.0,0.3617021276595745,0.6382978723404256,0.5,0.5
Real Madrid,all,home,La Liga,13,4,112.0,86.0,198.0,0.5656565656565656,0.43434343434343436,0.3076923076923077,0.6923076923076923
Roma,0,away,Serie A,5,1,48.0,27.0,75.0,0.64,0.36,0.2,0.8
Roma,0,home,Serie A,4,4,0.0,56.0,56.0,0.0,1.0,1.0,0.0
Roma,1,away,Serie A,3,1,20.0,5.0,25.0,0.8,0.2,0.3333333333333333,0.6666666666666667
Roma,1,home,Serie A,6,4,41.0,59.0,100.0,0.41,0.59,0.6666666666666666,0.33333333333333337
Roma,2,away,Serie A,6,3,58.0,30.0,88.0,0.6590909090909091,0.3409090909090909,0.5,0.5
Roma,2,home,Serie A,4,3,9.0,53.0,62.0,0.14516129032258066,0.8548387096774194,0.75,0.25
Roma,all,away,Serie A,14,5,126.0,62.0,188.0,0.6702127659574468,0.32978723404255317,0.35714285714285715,0.6428571428571428
Roma,all,home,Serie A,14,11,50.0,168.0,218.0,0.22935779816513763,0.7706422018348624,0.7857142857142857,0.2142857142857143
Salernitana,0,away,Serie A,5,1,62.0,10.0,72.0,0.8611111111111112,0.1388888888888889,0.2,0.8
Salernitana,0,home,Serie A,5,4,16.0,64.0,80.0,0.2,0.8,0.8,0.19999999999999996
Salernitana,1,away,Serie A,5,3,18.0,25.0,43.0,0.4186046511627907,0.5813953488372093,0.6,0.4
Salernitana,1,home,Serie A,4,1,49.0,24.0,73.0,0.6712328767123288,0.3287671232876712,0.25,0.75
Salernitana,2,away,Serie A,4,2,48.0,47.0,95.0,0.5052631578947369,0.49473684210526314,0.5,0.5
Salernitana,2,home,Serie A,5,2,29.0,14.0,43.0,0.6744186046511628,0.32558139534883723,0.4,0.6
Salernitana,all,away,Serie A,14,6,128.0,82.0,210.0,0.6095238095238096,0.3904761904761905,0.42857142857142855,0.5714285714285714
Salernitana,all,home,Serie A,14,7,94.0,102.0,196.0,0.47959183673469385,0.5204081632653061,0.5,0.5
Sampdoria,0,away,Serie A,5,4,26.0,84.0,110.0,0.23636363636363636,0.7636363636363637,0.8,0.19999999999999996
Sampdoria,0,home,Serie A,7,5,10.0,52.0,62.0,0.16129032258064516,0.8387096774193549,0.7142857142857143,0.2857142857142857
Sampdoria,1,away,Serie A,5,2,46.0,32.0,78.0,0.5897435897435898,0.41025641025641024,0.4,0.6
Sampdoria,1,home,Serie A,4,3,23.0,40.0,63.0,0.36507936507936506,0.6349206349206349,0.75,0.25
Sampdoria,2,away,Serie A,4,2,12.0,14.0,26.0,0.46153846153846156,0.5384615384615384,0.5,0.5
Sampdoria,2,home,Serie A,3,2,27.0,40.0,67.0,0.40298507462686567,0.5970149253731343,0.6666666666666666,0.33333333333333337
Sampdoria,all,away,Serie A,14,8,84.0,130.0,214.0,0.3925233644859813,0.6074766355140186,0.5714285714285714,0.4285714285714286
Sampdoria,all,home,Serie A,14,10,60.0,132.0,192.0,0.3125,0.6875,0.7142857142857143,0.2857142857142857
Sassuolo,0,away,Serie A,5,2,56.0,13.0,69.0,0.8115942028985508,0.18840579710144928,0.4,0.6
Sassuolo,0,home,Serie A,6,4,23.0,66.0,89.0,0.25842696629213485,0.7415730337078652,0.6666666666666666,0.33333333333333337
Sassuolo,1,away,Serie A,6,3,58.0,35.0,93.0,0.6236559139784946,0.3763440860215054,0.5,0.5
Sassuolo,1,home,Serie A,2,0,34.0,0.0,34.0,1.0,0.0,0.0,1.0
Sassuolo,2,away,Serie A,3,2,3.0,29.0,32.0,0.09375,0.90625,0.6666666666666666,0.33333333333333337
Sassuolo,2,home,Serie A,6,3,52.0,37.0,89.0,0.5842696629213483,0.4157303370786517,0.5,0.5
Sassuolo,all,away,Serie A,14,7,117.0,77.0,194.0,0.6030927835051546,0.39690721649484534,0.5,0.5
Sassuolo,all,home,Serie A,14,7,109.0,103.0,212.0,0.5141509433962265,0.4858490566037736,0.5,0.5
Schalke 04,0,away,Bundesliga,4,4,0.0,53.0,53.0,0.0,1.0,1.0,0.0
Schalke 04,0,home,Bundesliga,6,3,45.0,53.0,98.0,0.45918367346938777,0.5408163265306123,0.5,0.5
Schalke 04,1,away,Bundesliga,5,2,39.0,22.0,61.0,0.639344262295082,0.36065573770491804,0.4,0.6
Schalke 04,1,home,Bundesliga,6,4,10.0,62.0,72.0,0.1388888888888889,0.8611111111111112,0.6666666666666666,0.33333333333333337
Schalke 04,2,away,Bundesliga,3,1,16.0,23.0,39.0,0.41025641025641024,0.5897435897435898,0.3333333333333333,0.6666666666666667
Schalke 04,2,home,Bundesliga,2,0,28.0,0.0,28.0,1.0,0.0,0.0,1.0
Schalke 04,all,away,Bundesliga,12,7,55.0,98.0,153.0,0.35947712418300654,0.6405228758169934,0.5833333333333334,0.41666666666666663
Schalke 04,all,home,Bundesliga,14,7,83.0,115.0,198.0,0.41919191919191917,0.5808080808080808,0.5,0.5
Sevilla,0,away,La Liga,5,1,55.0,21.0,76.0,0.7236842105263158,0.27631578947368424,0.2,0.8
Sevilla,0,home,La Liga,4,2,22.0,11.0,33.0,0.6666666666666666,0.3333333333333333,0.5,0.5
Sevilla,1,away,La Liga,6,2,56.0,37.0,93.0,0.6021505376344086,0.3978494623655914,0.3333333333333333,0.6666666666666667
Sevilla,1,home,La Liga,4,3,24.0,52.0,76.0,0.3157894736842105,0.6842105263157895,0.75,0.25
Sevilla,2,away,La Liga,3,1,8.0,27.0,35.0,0.22857142857142856,0.7714285714285715,0.3333333333333333,0.6666666666666667
Sevilla,2,home,La Liga,5,1,54.0,19.0,73.0,0.7397260273972602,0.2602739726027397,0.2,0.8
Sevilla,all,away,La Liga,14,4,119.0,85.0,204.0,0.5833333333333334,0.4166666666666667,0.2857142857142857,0.7142857142857143
Sevilla,all,home,La Liga,13,6,100.0,82.0,182.0,0.5494505494505495,0.45054945054945056,0.46153846153846156,0.5384615384615384
Sociedad,0,away,La Liga,2,2,0.0,47.0,47.0,0.0,1.0,1.0,0.0
Sociedad,0,home,La Liga,5,2,23.0,20.0,43.0,0.5348837209302325,0.46511627906976744,0.4,0.6
Sociedad,1,away,La Liga,6,2,56.0,19.0,75.0,0.7466666666666667,0.25333333333333335,0.3333333333333333,0.6666666666666667
Sociedad,1,home,La Liga,4,3,23.0,50.0,73.0,0.3150684931506849,0.684931506849315,0.75,0.25
Sociedad,2,away,La Liga,6,4,27.0,54.0,81.0,0.3333333333333333,0.6666666666666666,0.6666666666666666,0.33333333333333337
Sociedad,2,home,La Liga,4,2,19.0,48.0,67.0,0.2835820895522388,0.7164179104477612,0.5,0.5
Sociedad,all,away,La Liga,14,8,83.0,120.0,203.0,0.4088669950738916,0.5911330049261084,0.5714285714285714,0.4285714285714286
Sociedad,all,home,La Liga,13,7,65.0,118.0,183.0,0.3551912568306011,0.644808743169399,0.5384615384615384,0.46153846153846156
Southampton,0,away,Premier League,4,3,1.0,45.0,46.0,0.021739130434782608,0.9782608695652174,0.75,0.25
Southampton,0,home,Premier League,6,2,73.0,25.0,98.0,0.7448979591836735,0.25510204081632654,0.3333333333333333,0.6666666666666667
Southampton,1,away,Premier League,7,5,34.0,95.0,129.0,0.26356589147286824,0.7364341085271318,0.7142857142857143,0.2857142857142857
Southampton,1,home,Premier League,4,1,39.0,7.0,46.0,0.8478260869565217,0.15217391304347827,0.25,0.75
Southampton,2,away,Premier League,4,2,23.0,37.0,60.0,0.38333333333333336,0.6166666666666667,0.5,0.5
Southampton,2,home,Premier League,4,2,11.0,45.0,56.0,0.19642857142857142,0.8035714285714286,0.5,0.5
Southampton,all,away,Premier League,15,10,58.0,177.0,235.0,0.24680851063829787,0.7531914893617021,0.6666666666666666,0.33333333333333337
Southampton,all,home,Premier League,14,5,123.0,77.0,200.0,0.615,0.385,0.35714285714285715,0.6428571428571428
Spezia,0,away,Serie A,5,4,13.0,20.0,33.0,0.3939393939393939,0.6060606060606061,0.8,0.19999999999999996
Spezia,0,home,Serie A,5,3,42.0,63.0,105.0,0.4,0.6,0.6,0.4
Spezia,1,away,Serie A,6,4,46.0,74.0,120.0,0.38333333333333336,0.6166666666666667,0.6666666666666666,0.33333333333333337
Spezia,1,home,Serie A,5,1,34.0,1.0,35.0,0.9714285714285714,0.02857142857142857,0.2,0.8
Spezia,2,away,Serie A,2,1,15.0,11.0,26.0,0.5769230769230769,0.4230769230769231,0.5,0.5
Spezia,2,home,Serie A,5,2,45.0,42.0,87.0,0.5172413793103449,0.4827586206896552,0.4,0.6
Spezia,all,away,Serie A,13,9,74.0,105.0,179.0,0.4134078212290503,0.5865921787709497,0.6923076923076923,0.3076923076923077
Spezia,all,home,Serie A,15,6,121.0,106.0,227.0,0.5330396475770925,0.4669603524229075,0.4,0.6
Stuttgart,0,away,Bundesliga,7,3,68.0,52.0,120.0,0.5666666666666667,0.43333333333333335,0.42857142857142855,0.5714285714285714
Stuttgart,0,home,Bundesliga,5,2,31.0,12.0,43.0,0.7209302325581395,0.27906976744186046,0.4,0.6
Stuttgart,1,away,Bundesliga,5,1,40.0,4.0,44.0,0.9090909090909091,0.09090909090909091,0.2,0.8
Stuttgart,1,home,Bundesliga,5,3,28.0,65.0,93.0,0.3010752688172043,0.6989247311827957,0.6,0.4
Stuttgart,2,away,Bundesliga,1,0,22.0,0.0,22.0,1.0,0.0,0.0,1.0
Stuttgart,2,home,Bundesliga,3,0,29.0,0.0,29.0,1.0,0.0,0.0,1.0
Stuttgart,all,away,Bundesliga,13,4,130.0,56.0,186.0,0.6989247311827957,0.3010752688172043,0.3076923076923077,0.6923076923076923
Stuttgart,all,home,Bundesliga,13,5,88.0,77.0,165.0,0.5333333333333333,0.4666666666666667,0.38461538461538464,0.6153846153846154
Torino,0,away,Serie A,6,2,51.0,28.0,79.0,0.6455696202531646,0.35443037974683544,0.3333333333333333,0.6666666666666667
Torino,0,home,Serie A,4,3,12.0,39.0,51.0,0.23529411764705882,0.7647058823529411,0.75,0.25
Torino,1,away,Serie A,6,1,73.0,19.0,92.0,0.7934782608695652,0.20652173913043478,0.16666666666666666,0.8333333333333334
Torino,1,home,Serie A,4,3,9.0,53.0,62.0,0.14516129032258066,0.8548387096774194,0.75,0.25
Torino,2,away,Serie A,3,1,20.0,26.0,46.0,0.43478260869565216,0.5652173913043478,0.3333333333333333,0.6666666666666667
Torino,2,home,Serie A,5,3,39.0,37.0,76.0,0.5131578947368421,0.4868421052631579,0.6,0.4
Torino,all,away,Serie A,15,4,144.0,73.0,217.0,0.663594470046083,0.33640552995391704,0.26666666666666666,0.7333333333333334
Torino,all,home,Serie A,13,9,60.0,129.0,189.0,0.31746031746031744,0.6825396825396826,0.6923076923076923,0.3076923076923077
Tottenham,0,away,Premier League,4,2,16.0,22.0,38.0,0.42105263157894735,0.5789473684210527,0.5,0.5
Tottenham,0,home,Premier League,4,3,13.0,60.0,73.0,0.1780821917808219,0.821917808219178,0.75,0.25
Tottenham,1,away,Premier League,6,3,24.0,66.0,90.0,0.26666666666666666,0.7333333333333333,0.5,0.5
Tottenham,1,home,Premier League,5,3,21.0,52.0,73.0,0.2876712328767123,0.7123287671232876,0.6,0.4
Tottenham,2,away,Premier League,5,1,94.0,4.0,98.0,0.9591836734693877,0.04081632653061224,0.2,0.8
Tottenham,2,home,Premier League,5,1,52.0,11.0,63.0,0.8253968253968254,0.1746031746031746,0.2,0.8
Tottenham,all,away,Premier League,15,6,134.0,92.0,226.0,0.5929203539823009,0.40707964601769914,0.4,0.6
Tottenham,all,home,Premier League,14,7,86.0,123.0,209.0,0.41148325358851673,0.5885167464114832,0.5,0.5
Udinese,0,away,Serie A,6,3,39.0,52.0,91.0,0.42857142857142855,0.5714285714285714,0.5,0.5
Udinese,0,home,Serie A,4,1,43.0,5.0,48.0,0.8958333333333334,0.10416666666666667,0.25,0.75
Udinese,1,away,Serie A,5,3,9.0,75.0,84.0,0.10714285714285714,0.8928571428571429,0.6,0.4
Udinese,1,home,Serie A,5,1,67.0,4.0,71.0,0.9436619718309859,0.056338028169014086,0.2,0.8
Udinese,2,away,Serie A,4,2,22.0,31.0,53.0,0.41509433962264153,0.5849056603773585,0.5,0.5
Udinese,2,home,Serie A,4,1,57.0,2.0,59.0,0.9661016949152542,0.03389830508474576,0.25,0.75
Udinese,all,away,Serie A,15,8,70.0,158.0,228.0,0.30701754385964913,0.6929824561403509,0.5333333333333333,0.4666666666666667
Udinese,all,home,Serie A,13,3,167.0,11.0,178.0,0.9382022471910112,0.06179775280898876,0.23076923076923078,0.7692307692307692
Union Berlin,0,away,Bundesliga,5,3,35.0,43.0,78.0,0.44871794871794873,0.5512820512820513,0.6,0.4
Union Berlin,0,home,Bundesliga,4,2,8.0,35.0,43.0,0.18604651162790697,0.813953488372093,0.5,0.5
Union Berlin,1,away,Bundesliga,4,2,41.0,8.0,49.0,0.8367346938775511,0.16326530612244897,0.5,0.5
Union Berlin,1,home,Bundesliga,6,2,61.0,30.0,91.0,0.6703296703296703,0.32967032967032966,0.3333333333333333,0.6666666666666667
Union Berlin,2,away,Bundesliga,4,2,15.0,27.0,42.0,0.35714285714285715,0.6428571428571429,0.5,0.5
Union Berlin,2,home,Bundesliga,3,2,1.0,47.0,48.0,0.020833333333333332,0.9791666666666666,0.6666666666666666,0.33333333333333337
Union Berlin,all,away,Bundesliga,13,7,91.0,78.0,169.0,0.5384615384615384,0.46153846153846156,0.5384615384615384,0.46153846153846156
Union Berlin,all,home,Bundesliga,13,6,70.0,112.0,182.0,0.38461538461538464,0.6153846153846154,0.46153846153846156,0.5384615384615384
Valencia,0,away,La Liga,6,4,28.0,71.0,99.0,0.2828282828282828,0.7171717171717171,0.6666666666666666,0.33333333333333337
Valencia,0,home,La Liga,5,4,22.0,53.0,75.0,0.29333333333333333,0.7066666666666667,0.8,0.19999999999999996
Valencia,1,away,La Liga,4,1,23.0,21.0,44.0,0.5227272727272727,0.4772727272727273,0.25,0.75
Valencia,1,home,La Liga,6,4,39.0,49.0,88.0,0.4431818181818182,0.5568181818181818,0.6666666666666666,0.33333333333333337
Valencia,2,away,La Liga,3,2,7.0,42.0,49.0,0.14285714285714285,0.8571428571428571,0.6666666666666666,0.33333333333333337
Valencia,2,home,La Liga,3,0,31.0,0.0,31.0,1.0,0.0,0.0,1.0
Valencia,all,away,La Liga,13,7,58.0,134.0,192.0,0.3020833333333333,0.6979166666666666,0.5384615384615384,0.46153846153846156
Valencia,all,home,La Liga,14,8,92.0,102.0,194.0,0.4742268041237113,0.5257731958762887,0.5714285714285714,0.4285714285714286
Valladolid,0,away,La Liga,6,5,23.0,84.0,107.0,0.21495327102803738,0.7850467289719626,0.8333333333333334,0.16666666666666663
Valladolid,0,home,La Liga,5,4,27.0,35.0,62.0,0.43548387096774194,0.5645161290322581,0.8,0.19999999999999996
Valladolid,1,away,La Liga,5,3,7.0,52.0,59.0,0.11864406779661017,0.8813559322033898,0.6,0.4
Valladolid,1,home,La Liga,4,3,10.0,45.0,55.0,0.18181818181818182,0.8181818181818182,0.75,0.25
Valladolid,2,away,La Liga,3,1,33.0,9.0,42.0,0.7857142857142857,0.21428571428571427,0.3333333333333333,0.6666666666666667
Valladolid,2,home,La Liga,4,2,38.0,23.0,61.0,0.6229508196721312,0.3770491803278688,0.5,0.5
Valladolid,all,away,La Liga,14,9,63.0,145.0,208.0,0.30288461538461536,0.6971153846153846,0.6428571428571429,0.3571428571428571
Valladolid,all,home,La Liga,13,9,75.0,103.0,178.0,0.42134831460674155,0.5786516853932584,0.6923076923076923,0.3076923076923077
Vallecano,0,away,La Liga,4,2,16.0,20.0,36.0,0.4444444444444444,0.5555555555555556,0.5,0.5
Vallecano,0,home,La Liga,4,2,29.0,43.0,72.0,0.4027777777777778,0.5972222222222222,0.5,0.5
Vallecano,1,away,La Liga,5,3,19.0,62.0,81.0,0.2345679012345679,0.7654320987654321,0.6,0.4
Vallecano,1,home,La Liga,5,2,61.0,17.0,78.0,0.782051282051282,0.21794871794871795,0.4,0.6
Vallecano,2,away,La Liga,5,2,58.0,19.0,77.0,0.7532467532467533,0.24675324675324675,0.4,0.6
Vallecano,2,home,La Liga,4,2,12.0,30.0,42.0,0.2857142857142857,0.7142857142857143,0.5,0.5
Vallecano,all,away,La Liga,14,7,93.0,101.0,194.0,0.4793814432989691,0.520618556701031,0.5,0.5
Vallecano,all,home,La Liga,13,6,102.0,90.0,192.0,0.53125,0.46875,0.46153846153846156,0.5384615384615384
Verona,0,away,Serie A,4,4,0.0,75.0,75.0,0.0,1.0,1.0,0.0
Verona,0,home,Serie A,6,2,44.0,17.0,61.0,0.7213114754098361,0.2786885245901639,0.3333333333333333,0.6666666666666667
Verona,1,away,Serie A,7,2,53.0,20.0,73.0,0.726027397260274,0.273972602739726,0.2857142857142857,0.7142857142857143
Verona,1,home,Serie A,3,1,34.0,24.0,58.0,0.5862068965517241,0.41379310344827586,0.3333333333333333,0.6666666666666667
Verona,2,away,Serie A,3,1,36.0,25.0,61.0,0.5901639344262295,0.4098360655737705,0.3333333333333333,0.6666666666666667
Verona,2,home,Serie A,5,3,20.0,58.0,78.0,0.2564102564102564,0.7435897435897436,0.6,0.4
Verona,all,away,Serie A,14,7,89.0,120.0,209.0,0.4258373205741627,0.5741626794258373,0.5,0.5
Verona,all,home,Serie A,14,6,98.0,99.0,197.0,0.49746192893401014,0.5025380710659898,0.42857142857142855,0.5714285714285714
Villarreal,0,away,La Liga,5,5,0.0,37.0,37.0,0.0,1.0,1.0,0.0
Villarreal,0,home,La Liga,4,2,42.0,50.0,92.0,0.45652173913043476,0.5434782608695652,0.5,0.5
Villarreal,1,away,La Liga,4,2,40.0,34.0,74.0,0.5405405405405406,0.4594594594594595,0.5,0.5
Villarreal,1,home,La Liga,5,4,6.0,59.0,65.0,0.09230769230769231,0.9076923076923077,0.8,0.19999999999999996
Villarreal,2,away,La Liga,5,4,21.0,43.0,64.0,0.328125,0.671875,0.8,0.19999999999999996
Villarreal,2,home,La Liga,4,1,50.0,4.0,54.0,0.9259259259259259,0.07407407407407407,0.25,0.75
Villarreal,all,away,La Liga,14,11,61.0,114.0,175.0,0.3485714285714286,0.6514285714285715,0.7857142857142857,0.2142857142857143
Villarreal,all,home,La Liga,13,7,98.0,113.0,211.0,0.46445497630331756,0.5355450236966824,0.5384615384615384,0.46153846153846156
Werder Bremen,0,away,Bundesliga,5,2,24.0,32.0,56.0,0.42857142857142855,0.5714285714285714,0.4,0.6
Werder Bremen,0,home,Bundesliga,5,1,60.0,20.0,80.0,0.75,0.25,0.2,0.8
Werder Bremen,1,away,Bundesliga,5,0,74.0,0.0,74.0,1.0,0.0,0.0,1.0
Werder Bremen,1,home,Bundesliga,5,2,52.0,16.0,68.0,0.7647058823529411,0.23529411764705882,0.4,0.6
Werder Bremen,2,away,Bundesliga,2,2,0.0,24.0,24.0,0.0,1.0,1.0,0.0
Werder Bremen,2,home,Bundesliga,4,2,15.0,34.0,49.0,0.30612244897959184,0.6938775510204082,0.5,0.5
Werder Bremen,all,away,Bundesliga,12,4,98.0,56.0,154.0,0.6363636363636364,0.36363636363636365,0.3333333333333333,0.6666666666666667
Werder Bremen,all,home,Bundesliga,14,5,127.0,70.0,197.0,0.6446700507614214,0.3553299492385787,0.35714285714285715,0.6428571428571428
West Ham,0,away,Premier League,6,4,39.0,68.0,107.0,0.3644859813084112,0.6355140186915887,0.6666666666666666,0.33333333333333337
West Ham,0,home,Premier League,5,2,62.0,4.0,66.0,0.9393939393939394,0.06060606060606061,0.4,0.6
West Ham,1,away,Premier League,3,2,6.0,32.0,38.0,0.15789473684210525,0.8421052631578947,0.6666666666666666,0.33333333333333337
West Ham,1,home,Premier League,5,2,48.0,27.0,75.0,0.64,0.36,0.4,0.6
West Ham,2,away,Premier League,4,2,30.0,10.0,40.0,0.75,0.25,0.5,0.5
West Ham,2,home,Premier League,5,5,0.0,104.0,104.0,0.0,1.0,1.0,0.0
West Ham,all,away,Premier League,13,8,75.0,110.0,185.0,0.40540540540540543,0.5945945945945946,0.6153846153846154,0.3846153846153846
West Ham,all,home,Premier League,15,9,110.0,135.0,245.0,0.4489795918367347,0.5510204081632653,0.6,0.4
Wolfsburg,0,away,Bundesliga,5,4,11.0,19.0,30.0,0.36666666666666664,0.6333333333333333,0.8,0.19999999999999996
Wolfsburg,0,home,Bundesliga,6,3,66.0,51.0,117.0,0.5641025641025641,0.4358974358974359,0.5,0.5
Wolfsburg,1,away,Bundesliga,5,2,42.0,35.0,77.0,0.5454545454545454,0.45454545454545453,0.4,0.6
Wolfsburg,1,home,Bundesliga,4,0,42.0,0.0,42.0,1.0,0.0,0.0,1.0
Wolfsburg,2,away,Bundesliga,3,3,0.0,62.0,62.0,0.0,1.0,1.0,0.0
Wolfsburg,2,home,Bundesliga,3,2,8.0,15.0,23.0,0.34782608695652173,0.6521739130434783,0.6666666666666666,0.33333333333333337
Wolfsburg,all,away,Bundesliga,13,9,53.0,116.0,169.0,0.3136094674556213,0.6863905325443787,0.6923076923076923,0.3076923076923077
Wolfsburg,all,home,Bundesliga,13,5,116.0,66.0,182.0,0.6373626373626373,0.3626373626373626,0.38461538461538464,0.6153846153846154
Wolves,0,away,Premier League,4,2,46.0,24.0,70.0,0.6571428571428571,0.34285714285714286,0.5,0.5
Wolves,0,home,Premier League,6,4,19.0,68.0,87.0,0.21839080459770116,0.7816091954022989,0.6666666666666666,0.33333333333333337
Wolves,1,away,Premier League,6,3,51.0,26.0,77.0,0.6623376623376623,0.33766233766233766,0.5,0.5
Wolves,1,home,Premier League,3,3,0.0,44.0,44.0,0.0,1.0,1.0,0.0
Wolves,2,away,Premier League,5,1,70.0,5.0,75.0,0.9333333333333333,0.06666666666666667,0.2,0.8
Wolves,2,home,Premier League,5,4,28.0,54.0,82.0,0.34146341463414637,0.6585365853658537,0.8,0.19999999999999996
Wolves,all,away,Premier League,15,6,167.0,55.0,222.0,0.7522522522522522,0.24774774774774774,0.4,0.6
Wolves,all,home,Premier League,14,11,47.0,166.0,213.0,0.22065727699530516,0.7793427230046949,0.7857142857142857,0.2142857142857143
