main_team,team_group,competition,away_home,n_matches,team_has_scored,team_has_conceded_goal,team_has_scored_streak_weighted,team_has_conceded_goal_streak_weighted,tot_giornata,team_has_scored_streak_weighted_ratio,team_has_conceded_goal_streak_weighted_ratio,team_has_conceded_goal_ratio,team_has_scored_ratio
Almeria,0,La Liga,away,5,3,5,50.0,70.0,70.0,0.7142857142857143,1.0,1.0,0.6
Almeria,0,La Liga,home,6,4,5,64.0,81.0,105.0,0.6095238095238096,0.7714285714285715,0.8333333333333334,0.6666666666666666
Almeria,1,La Liga,away,6,3,6,77.0,108.0,108.0,0.7129629629629629,1.0,1.0,0.5
Almeria,1,La Liga,home,5,4,5,33.0,38.0,38.0,0.868421052631579,1.0,1.0,0.8
Almeria,2,La Liga,away,3,3,3,35.0,35.0,35.0,1.0,1.0,1.0,1.0
Almeria,2,La Liga,home,4,4,3,89.0,75.0,89.0,1.0,0.8426966292134831,0.75,1.0
Almeria,all,La Liga,away,14,9,14,162.0,213.0,213.0,0.7605633802816901,1.0,1.0,0.6428571428571429
Almeria,all,La Liga,home,15,12,13,186.0,194.0,232.0,0.8017241379310345,0.8362068965517241,0.8666666666666667,0.8
Arsenal,0,Premier League,away,4,4,3,68.0,48.0,68.0,1.0,0.7058823529411765,0.75,1.0
Arsenal,0,Premier League,home,5,4,4,47.0,47.0,66.0,0.7121212121212122,0.7121212121212122,0.8,0.8
Arsenal,1,Premier League,away,7,7,1,101.0,31.0,101.0,1.0,0.3069306930693069,0.14285714285714285,1.0
Arsenal,1,Premier League,home,5,5,5,91.0,91.0,91.0,1.0,1.0,1.0,1.0
Arsenal,2,Premier League,away,5,4,3,81.0,67.0,103.0,0.7864077669902912,0.6504854368932039,0.6,0.8
Arsenal,2,Premier League,home,5,5,3,69.0,48.0,69.0,1.0,0.6956521739130435,0.6,1.0
Arsenal,all,Premier League,away,16,15,7,250.0,146.0,272.0,0.9191176470588235,0.5367647058823529,0.4375,0.9375
Arsenal,all,Premier League,home,15,14,12,207.0,186.0,226.0,0.915929203539823,0.8230088495575221,0.8,0.9333333333333333
Aston Villa,0,Premier League,away,5,4,4,62.0,58.0,76.0,0.8157894736842105,0.7631578947368421,0.8,0.8
Aston Villa,0,Premier League,home,4,4,3,77.0,45.0,77.0,1.0,0.5844155844155844,0.75,1.0
Aston Villa,1,Premier League,away,4,2,3,32.0,16.0,45.0,0.7111111111111111,0.35555555555555557,0.75,0.5
Aston Villa,1,Premier League,home,6,5,3,103.0,47.0,114.0,0.9035087719298246,0.41228070175438597,0.5,0.8333333333333334
Aston Villa,2,Premier League,away,6,5,3,90.0,44.0,99.0,0.9090909090909091,0.4444444444444444,0.5,0.8333333333333334
Aston Villa,2,Premier League,home,6,5,4,83.0,48.0,87.0,0.9540229885057471,0.5517241379310345,0.6666666666666666,0.8333333333333334
Aston Villa,all,Premier League,away,15,11,10,184.0,118.0,220.0,0.8363636363636363,0.5363636363636364,0.6666666666666666,0.7333333333333333
Aston Villa,all,Premier League,home,16,14,10,263.0,140.0,278.0,0.9460431654676259,0.5035971223021583,0.625,0.875
Atalanta,0,Serie A,away,5,3,3,48.0,69.0,98.0,0.4897959183673469,0.7040816326530612,0.6,0.6
Atalanta,0,Serie A,home,4,3,4,30.0,41.0,41.0,0.7317073170731707,1.0,1.0,0.75
Atalanta,1,Serie A,away,6,5,4,73.0,77.0,94.0,0.776595744680851,0.8191489361702128,0.6666666666666666,0.8333333333333334
Atalanta,1,Serie A,home,6,4,4,49.0,70.0,103.0,0.47572815533980584,0.6796116504854369,0.6666666666666666,0.6666666666666666
Atalanta,2,Serie A,away,5,5,3,62.0,58.0,62.0,1.0,0.9354838709677419,0.6,1.0
Atalanta,2,Serie A,home,4,4,3,67.0,47.0,67.0,1.0,0.7014925373134329,0.75,1.0
Atalanta,all,Serie A,away,16,13,10,183.0,204.0,254.0,0.7204724409448819,0.8031496062992126,0.625,0.8125
Atalanta,all,Serie A,home,14,11,11,146.0,158.0,211.0,0.6919431279620853,0.7488151658767772,0.7857142857142857,0.7857142857142857
Ath Bilbao,0,La Liga,away,4,1,3,17.0,51.0,66.0,0.25757575757575757,0.7727272727272727,0.75,0.25
Ath Bilbao,0,La Liga,home,5,2,3,42.0,53.0,95.0,0.4421052631578947,0.5578947368421052,0.6,0.4
Ath Bilbao,1,La Liga,away,5,3,4,48.0,67.0,92.0,0.5217391304347826,0.7282608695652174,0.8,0.6
Ath Bilbao,1,La Liga,home,5,3,2,44.0,30.0,61.0,0.7213114754098361,0.4918032786885246,0.4,0.6
Ath Bilbao,2,La Liga,away,5,5,4,69.0,66.0,69.0,1.0,0.9565217391304348,0.8,1.0
Ath Bilbao,2,La Liga,home,5,3,2,30.0,25.0,62.0,0.4838709677419355,0.4032258064516129,0.4,0.6
Ath Bilbao,all,La Liga,away,14,9,11,134.0,184.0,227.0,0.5903083700440529,0.8105726872246696,0.7857142857142857,0.6428571428571429
Ath Bilbao,all,La Liga,home,15,8,7,116.0,108.0,218.0,0.5321100917431193,0.4954128440366973,0.4666666666666667,0.5333333333333333
Ath Madrid,0,La Liga,away,4,4,3,48.0,39.0,48.0,1.0,0.8125,0.75,1.0
Ath Madrid,0,La Liga,home,5,3,3,57.0,24.0,75.0,0.76,0.32,0.6,0.6
Ath Madrid,1,La Liga,away,6,5,2,103.0,43.0,117.0,0.8803418803418803,0.36752136752136755,0.3333333333333333,0.8333333333333334
Ath Madrid,1,La Liga,home,5,5,4,66.0,48.0,66.0,1.0,0.7272727272727273,0.8,1.0
Ath Madrid,2,La Liga,away,4,4,2,33.0,29.0,33.0,1.0,0.8787878787878788,0.5,1.0
Ath Madrid,2,La Liga,home,5,5,3,106.0,64.0,106.0,1.0,0.6037735849056604,0.6,1.0
Ath Madrid,all,La Liga,away,14,13,7,184.0,111.0,198.0,0.9292929292929293,0.5606060606060606,0.5,0.9285714285714286
Ath Madrid,all,La Liga,home,15,13,10,229.0,136.0,247.0,0.9271255060728745,0.5506072874493927,0.6666666666666666,0.8666666666666667
Augsburg,0,Bundesliga,away,6,6,6,102.0,102.0,102.0,1.0,1.0,1.0,1.0
Augsburg,0,Bundesliga,home,5,4,3,50.0,25.0,51.0,0.9803921568627451,0.49019607843137253,0.6,0.8
Augsburg,1,Bundesliga,away,5,4,4,62.0,60.0,66.0,0.9393939393939394,0.9090909090909091,0.8,0.8
Augsburg,1,Bundesliga,home,6,6,4,100.0,62.0,100.0,1.0,0.62,0.6666666666666666,1.0
Augsburg,2,Bundesliga,away,3,2,3,20.0,42.0,42.0,0.47619047619047616,1.0,1.0,0.6666666666666666
Augsburg,2,Bundesliga,home,3,1,3,25.0,45.0,45.0,0.5555555555555556,1.0,1.0,0.3333333333333333
Augsburg,all,Bundesliga,away,14,12,13,184.0,204.0,210.0,0.8761904761904762,0.9714285714285714,0.9285714285714286,0.8571428571428571
Augsburg,all,Bundesliga,home,14,11,10,175.0,132.0,196.0,0.8928571428571429,0.673469387755102,0.7142857142857143,0.7857142857142857
Barcelona,0,La Liga,away,6,6,3,95.0,31.0,95.0,1.0,0.3263157894736842,0.5,1.0
Barcelona,0,La Liga,home,3,3,1,48.0,27.0,48.0,1.0,0.5625,0.3333333333333333,1.0
Barcelona,1,La Liga,away,4,4,1,44.0,14.0,44.0,1.0,0.3181818181818182,0.25,1.0
Barcelona,1,La Liga,home,5,3,0,32.0,0.0,62.0,0.5161290322580645,0.0,0.0,0.6
Barcelona,2,La Liga,away,5,3,1,45.0,24.0,99.0,0.45454545454545453,0.24242424242424243,0.2,0.6
Barcelona,2,La Liga,home,6,6,1,100.0,15.0,100.0,1.0,0.15,0.16666666666666666,1.0
Barcelona,all,La Liga,away,15,13,5,184.0,69.0,238.0,0.773109243697479,0.28991596638655465,0.3333333333333333,0.8666666666666667
Barcelona,all,La Liga,home,14,12,2,180.0,42.0,210.0,0.8571428571428571,0.2,0.14285714285714285,0.8571428571428571
Bayern Munich,0,Bundesliga,away,6,6,5,83.0,56.0,83.0,1.0,0.6746987951807228,0.8333333333333334,1.0
Bayern Munich,0,Bundesliga,home,5,5,2,84.0,44.0,84.0,1.0,0.5238095238095238,0.4,1.0
Bayern Munich,1,Bundesliga,away,4,3,3,51.0,47.0,58.0,0.8793103448275862,0.8103448275862069,0.75,0.75
Bayern Munich,1,Bundesliga,home,7,7,6,101.0,99.0,101.0,1.0,0.9801980198019802,0.8571428571428571,1.0
Bayern Munich,2,Bundesliga,away,4,4,2,54.0,36.0,54.0,1.0,0.6666666666666666,0.5,1.0
Bayern Munich,2,Bundesliga,home,2,2,1,26.0,6.0,26.0,1.0,0.23076923076923078,0.5,1.0
Bayern Munich,all,Bundesliga,away,14,13,10,188.0,139.0,195.0,0.9641025641025641,0.7128205128205128,0.7142857142857143,0.9285714285714286
Bayern Munich,all,Bundesliga,home,14,14,9,211.0,149.0,211.0,1.0,0.7061611374407583,0.6428571428571429,1.0
Betis,0,La Liga,away,4,3,3,42.0,58.0,70.0,0.6,0.8285714285714286,0.75,0.75
Betis,0,La Liga,home,5,3,2,36.0,31.0,76.0,0.47368421052631576,0.40789473684210525,0.4,0.6
Betis,1,La Liga,away,4,2,3,18.0,25.0,33.0,0.5454545454545454,0.7575757575757576,0.75,0.5
Betis,1,La Liga,home,6,6,4,93.0,63.0,93.0,1.0,0.6774193548387096,0.6666666666666666,1.0
Betis,2,La Liga,away,6,3,4,65.0,78.0,107.0,0.6074766355140186,0.7289719626168224,0.6666666666666666,0.5
Betis,2,La Liga,home,4,3,3,40.0,68.0,69.0,0.5797101449275363,0.9855072463768116,0.75,0.75
Betis,all,La Liga,away,14,8,10,125.0,161.0,210.0,0.5952380952380952,0.7666666666666667,0.7142857142857143,0.5714285714285714
Betis,all,La Liga,home,15,12,9,169.0,162.0,238.0,0.7100840336134454,0.680672268907563,0.6,0.8
Bochum,0,Bundesliga,away,7,2,7,54.0,116.0,116.0,0.46551724137931033,1.0,1.0,0.2857142857142857
Bochum,0,Bundesliga,home,5,3,3,45.0,35.0,69.0,0.6521739130434783,0.5072463768115942,0.6,0.6
Bochum,1,Bundesliga,away,6,4,4,59.0,54.0,93.0,0.6344086021505376,0.5806451612903226,0.6666666666666666,0.6666666666666666
Bochum,1,Bundesliga,home,5,4,5,41.0,46.0,46.0,0.8913043478260869,1.0,1.0,0.8
Bochum,2,Bundesliga,away,2,2,2,16.0,16.0,16.0,1.0,1.0,1.0,1.0
Bochum,2,Bundesliga,home,3,2,3,43.0,66.0,66.0,0.6515151515151515,1.0,1.0,0.6666666666666666
Bochum,all,Bundesliga,away,15,8,13,129.0,186.0,225.0,0.5733333333333334,0.8266666666666667,0.8666666666666667,0.5333333333333333
Bochum,all,Bundesliga,home,13,9,11,129.0,147.0,181.0,0.712707182320442,0.8121546961325967,0.8461538461538461,0.6923076923076923
Bologna,0,Serie A,away,7,4,6,54.0,52.0,81.0,0.6666666666666666,0.6419753086419753,0.8571428571428571,0.5714285714285714
Bologna,0,Serie A,home,4,3,2,71.0,47.0,97.0,0.7319587628865979,0.4845360824742268,0.5,0.75
Bologna,1,Serie A,away,4,3,4,51.0,76.0,76.0,0.6710526315789473,1.0,1.0,0.75
Bologna,1,Serie A,home,6,4,4,62.0,48.0,91.0,0.6813186813186813,0.5274725274725275,0.6666666666666666,0.6666666666666666
Bologna,2,Serie A,away,3,3,3,55.0,55.0,55.0,1.0,1.0,1.0,1.0
Bologna,2,Serie A,home,6,6,4,65.0,34.0,65.0,1.0,0.5230769230769231,0.6666666666666666,1.0
Bologna,all,Serie A,away,14,10,13,160.0,183.0,212.0,0.7547169811320755,0.8632075471698113,0.9285714285714286,0.7142857142857143
Bologna,all,Serie A,home,16,13,10,198.0,129.0,253.0,0.782608695652174,0.5098814229249012,0.625,0.8125
Bournemouth,0,Premier League,away,7,3,7,66.0,137.0,137.0,0.48175182481751827,1.0,1.0,0.42857142857142855
Bournemouth,0,Premier League,home,6,4,5,63.0,72.0,73.0,0.863013698630137,0.9863013698630136,0.8333333333333334,0.6666666666666666
Bournemouth,1,Premier League,away,5,2,4,35.0,52.0,76.0,0.4605263157894737,0.6842105263157895,0.8,0.4
Bournemouth,1,Premier League,home,5,2,2,56.0,47.0,88.0,0.6363636363636364,0.5340909090909091,0.4,0.4
Bournemouth,2,Premier League,away,4,3,3,52.0,34.0,65.0,0.8,0.5230769230769231,0.75,0.75
Bournemouth,2,Premier League,home,4,3,3,47.0,43.0,59.0,0.7966101694915254,0.7288135593220338,0.75,0.75
Bournemouth,all,Premier League,away,16,8,14,153.0,223.0,278.0,0.5503597122302158,0.802158273381295,0.875,0.5
Bournemouth,all,Premier League,home,15,9,10,166.0,162.0,220.0,0.7545454545454545,0.7363636363636363,0.6666666666666666,0.6
Brentford,0,Premier League,away,6,4,6,78.0,116.0,116.0,0.6724137931034483,1.0,1.0,0.6666666666666666
Brentford,0,Premier League,home,5,4,3,61.0,56.0,69.0,0.8840579710144928,0.8115942028985508,0.6,0.8
Brentford,1,Premier League,away,4,2,3,8.0,40.0,49.0,0.16326530612244897,0.8163265306122449,0.75,0.5
Brentford,1,Premier League,home,6,5,4,103.0,83.0,115.0,0.8956521739130435,0.7217391304347827,0.6666666666666666,0.8333333333333334
Brentford,2,Premier League,away,6,4,3,41.0,43.0,89.0,0.4606741573033708,0.48314606741573035,0.5,0.6666666666666666
Brentford,2,Premier League,home,4,4,3,60.0,38.0,60.0,1.0,0.6333333333333333,0.75,1.0
Brentford,all,Premier League,away,16,10,12,127.0,199.0,254.0,0.5,0.7834645669291339,0.75,0.625
Brentford,all,Premier League,home,15,13,10,224.0,177.0,244.0,0.9180327868852459,0.7254098360655737,0.6666666666666666,0.8666666666666667
Brighton,0,Premier League,away,3,3,3,45.0,45.0,45.0,1.0,1.0,1.0,1.0
Brighton,0,Premier League,home,4,2,3,34.0,44.0,46.0,0.7391304347826086,0.9565217391304348,0.75,0.5
Brighton,1,Premier League,away,7,6,6,91.0,95.0,102.0,0.8921568627450981,0.9313725490196079,0.8571428571428571,0.8571428571428571
Brighton,1,Premier League,home,6,5,3,93.0,67.0,117.0,0.7948717948717948,0.5726495726495726,0.5,0.8333333333333334
Brighton,2,Premier League,away,5,5,4,87.0,84.0,87.0,1.0,0.9655172413793104,0.8,1.0
Brighton,2,Premier League,home,4,3,1,36.0,6.0,48.0,0.75,0.125,0.25,0.75
Brighton,all,Premier League,away,15,14,13,223.0,224.0,234.0,0.9529914529914529,0.9572649572649573,0.8666666666666667,0.9333333333333333
Brighton,all,Premier League,home,14,10,7,163.0,117.0,211.0,0.7725118483412322,0.5545023696682464,0.5,0.7142857142857143
Cadiz,0,La Liga,away,5,3,3,64.0,58.0,112.0,0.5714285714285714,0.5178571428571429,0.6,0.6
Cadiz,0,La Liga,home,7,1,5,12.0,51.0,68.0,0.17647058823529413,0.75,0.7142857142857143,0.14285714285714285
Cadiz,1,La Liga,away,6,3,5,26.0,44.0,50.0,0.52,0.88,0.8333333333333334,0.5
Cadiz,1,La Liga,home,4,3,1,65.0,28.0,93.0,0.6989247311827957,0.3010752688172043,0.25,0.75
Cadiz,2,La Liga,away,3,2,1,43.0,27.0,56.0,0.7678571428571429,0.48214285714285715,0.3333333333333333,0.6666666666666666
Cadiz,2,La Liga,home,4,4,4,66.0,66.0,66.0,1.0,1.0,1.0,1.0
Cadiz,all,La Liga,away,14,8,9,133.0,129.0,218.0,0.6100917431192661,0.591743119266055,0.6428571428571429,0.5714285714285714
Cadiz,all,La Liga,home,15,8,10,143.0,145.0,227.0,0.6299559471365639,0.6387665198237885,0.6666666666666666,0.5333333333333333
Celta,0,La Liga,away,4,3,4,49.0,57.0,57.0,0.8596491228070176,1.0,1.0,0.75
Celta,0,La Liga,home,6,5,4,54.0,50.0,76.0,0.7105263157894737,0.6578947368421053,0.6666666666666666,0.8333333333333334
Celta,1,La Liga,away,6,3,3,42.0,57.0,99.0,0.42424242424242425,0.5757575757575758,0.5,0.5
Celta,1,La Liga,home,5,4,3,78.0,58.0,108.0,0.7222222222222222,0.5370370370370371,0.6,0.8
Celta,2,La Liga,away,4,3,3,55.0,45.0,61.0,0.9016393442622951,0.7377049180327869,0.75,0.75
Celta,2,La Liga,home,4,4,3,44.0,40.0,44.0,1.0,0.9090909090909091,0.75,1.0
Celta,all,La Liga,away,14,9,10,146.0,159.0,217.0,0.6728110599078341,0.7327188940092166,0.7142857142857143,0.6428571428571429
Celta,all,La Liga,home,15,13,10,176.0,148.0,228.0,0.7719298245614035,0.6491228070175439,0.6666666666666666,0.8666666666666667
Chelsea,0,Premier League,away,4,2,3,25.0,55.0,66.0,0.3787878787878788,0.8333333333333334,0.75,0.5
Chelsea,0,Premier League,home,6,3,6,47.0,110.0,110.0,0.42727272727272725,1.0,1.0,0.5
Chelsea,1,Premier League,away,5,2,3,16.0,47.0,80.0,0.2,0.5875,0.6,0.4
Chelsea,1,Premier League,home,5,3,0,47.0,0.0,102.0,0.46078431372549017,0.0,0.0,0.6
Chelsea,2,Premier League,away,6,5,5,74.0,76.0,77.0,0.961038961038961,0.987012987012987,0.8333333333333334,0.8333333333333334
Chelsea,2,Premier League,home,5,4,4,64.0,62.0,88.0,0.7272727272727273,0.7045454545454546,0.8,0.8
Chelsea,all,Premier League,away,15,9,11,115.0,178.0,223.0,0.515695067264574,0.7982062780269058,0.7333333333333333,0.6
Chelsea,all,Premier League,home,16,10,10,158.0,172.0,300.0,0.5266666666666666,0.5733333333333334,0.625,0.625
Cremonese,0,Serie A,away,4,2,4,10.0,34.0,34.0,0.29411764705882354,1.0,1.0,0.5
Cremonese,0,Serie A,home,7,4,6,81.0,104.0,118.0,0.6864406779661016,0.8813559322033898,0.8571428571428571,0.5714285714285714
Cremonese,1,Serie A,away,6,5,6,95.0,110.0,110.0,0.8636363636363636,1.0,1.0,0.8333333333333334
Cremonese,1,Serie A,home,6,3,3,51.0,47.0,94.0,0.5425531914893617,0.5,0.5,0.5
Cremonese,2,Serie A,away,5,4,5,60.0,77.0,77.0,0.7792207792207793,1.0,1.0,0.8
Cremonese,2,Serie A,home,2,0,2,0.0,32.0,32.0,0.0,1.0,1.0,0.0
Cremonese,all,Serie A,away,15,11,15,165.0,221.0,221.0,0.746606334841629,1.0,1.0,0.7333333333333333
Cremonese,all,Serie A,home,15,7,11,132.0,183.0,244.0,0.5409836065573771,0.75,0.7333333333333333,0.4666666666666667
Crystal Palace,0,Premier League,away,6,3,5,54.0,88.0,94.0,0.574468085106383,0.9361702127659575,0.8333333333333334,0.5
Crystal Palace,0,Premier League,home,7,3,6,33.0,80.0,101.0,0.32673267326732675,0.7920792079207921,0.8571428571428571,0.42857142857142855
Crystal Palace,1,Premier League,away,4,3,3,44.0,46.0,64.0,0.6875,0.71875,0.75,0.75
Crystal Palace,1,Premier League,home,5,3,4,26.0,43.0,68.0,0.38235294117647056,0.6323529411764706,0.8,0.6
Crystal Palace,2,Premier League,away,6,3,4,78.0,75.0,118.0,0.6610169491525424,0.635593220338983,0.6666666666666666,0.5
Crystal Palace,2,Premier League,home,3,3,2,53.0,39.0,53.0,1.0,0.7358490566037735,0.6666666666666666,1.0
Crystal Palace,all,Premier League,away,16,9,12,176.0,209.0,276.0,0.6376811594202898,0.7572463768115942,0.75,0.5625
Crystal Palace,all,Premier League,home,15,9,12,112.0,162.0,222.0,0.5045045045045045,0.7297297297297297,0.8,0.6
Dortmund,0,Bundesliga,away,6,4,5,58.0,56.0,74.0,0.7837837837837838,0.7567567567567568,0.8333333333333334,0.6666666666666666
Dortmund,0,Bundesliga,home,5,5,4,79.0,78.0,79.0,1.0,0.9873417721518988,0.8,1.0
Dortmund,1,Bundesliga,away,6,5,4,82.0,54.0,96.0,0.8541666666666666,0.5625,0.6666666666666666,0.8333333333333334
Dortmund,1,Bundesliga,home,4,4,3,49.0,44.0,49.0,1.0,0.8979591836734694,0.75,1.0
Dortmund,2,Bundesliga,away,3,3,2,56.0,52.0,56.0,1.0,0.9285714285714286,0.6666666666666666,1.0
Dortmund,2,Bundesliga,home,4,4,1,52.0,21.0,52.0,1.0,0.40384615384615385,0.25,1.0
Dortmund,all,Bundesliga,away,15,12,11,196.0,162.0,226.0,0.8672566371681416,0.7168141592920354,0.7333333333333333,0.8
Dortmund,all,Bundesliga,home,13,13,8,180.0,143.0,180.0,1.0,0.7944444444444444,0.6153846153846154,1.0
Ein Frankfurt,0,Bundesliga,away,5,4,5,84.0,109.0,109.0,0.7706422018348624,1.0,1.0,0.8
Ein Frankfurt,0,Bundesliga,home,5,5,3,36.0,23.0,36.0,1.0,0.6388888888888888,0.6,1.0
Ein Frankfurt,1,Bundesliga,away,6,5,6,66.0,86.0,86.0,0.7674418604651163,1.0,1.0,0.8333333333333334
Ein Frankfurt,1,Bundesliga,home,5,4,4,66.0,51.0,72.0,0.9166666666666666,0.7083333333333334,0.8,0.8
Ein Frankfurt,2,Bundesliga,away,3,2,3,9.0,18.0,18.0,0.5,1.0,1.0,0.6666666666666666
Ein Frankfurt,2,Bundesliga,home,4,4,2,85.0,50.0,85.0,1.0,0.5882352941176471,0.5,1.0
Ein Frankfurt,all,Bundesliga,away,14,11,14,159.0,213.0,213.0,0.7464788732394366,1.0,1.0,0.7857142857142857
Ein Frankfurt,all,Bundesliga,home,14,13,9,187.0,124.0,193.0,0.9689119170984456,0.6424870466321243,0.6428571428571429,0.9285714285714286
Elche,0,La Liga,away,6,0,6,0.0,75.0,75.0,0.0,1.0,1.0,0.0
Elche,0,La Liga,home,6,3,6,50.0,91.0,91.0,0.5494505494505495,1.0,1.0,0.5
Elche,1,La Liga,away,6,4,5,74.0,98.0,123.0,0.6016260162601627,0.7967479674796748,0.8333333333333334,0.6666666666666666
Elche,1,La Liga,home,5,4,5,66.0,82.0,82.0,0.8048780487804879,1.0,1.0,0.8
Elche,2,La Liga,away,3,3,3,37.0,37.0,37.0,1.0,1.0,1.0,1.0
Elche,2,La Liga,home,3,1,3,2.0,37.0,37.0,0.05405405405405406,1.0,1.0,0.3333333333333333
Elche,all,La Liga,away,15,7,14,111.0,210.0,235.0,0.4723404255319149,0.8936170212765957,0.9333333333333333,0.4666666666666667
Elche,all,La Liga,home,14,8,14,118.0,210.0,210.0,0.5619047619047619,1.0,1.0,0.5714285714285714
Empoli,0,Serie A,away,7,3,5,63.0,90.0,138.0,0.45652173913043476,0.6521739130434783,0.7142857142857143,0.42857142857142855
Empoli,0,Serie A,home,4,2,4,14.0,50.0,50.0,0.28,1.0,1.0,0.5
Empoli,1,Serie A,away,5,5,4,80.0,73.0,80.0,1.0,0.9125,0.8,1.0
Empoli,1,Serie A,home,5,3,2,43.0,46.0,71.0,0.6056338028169014,0.647887323943662,0.4,0.6
Empoli,2,Serie A,away,4,2,4,8.0,39.0,39.0,0.20512820512820512,1.0,1.0,0.5
Empoli,2,Serie A,home,5,5,2,87.0,26.0,87.0,1.0,0.2988505747126437,0.4,1.0
Empoli,all,Serie A,away,16,10,13,151.0,202.0,257.0,0.5875486381322957,0.7859922178988327,0.8125,0.625
Empoli,all,Serie A,home,14,10,8,144.0,122.0,208.0,0.6923076923076923,0.5865384615384616,0.5714285714285714,0.7142857142857143
Espanol,0,La Liga,away,6,6,5,94.0,90.0,94.0,1.0,0.9574468085106383,0.8333333333333334,1.0
Espanol,0,La Liga,home,5,4,4,72.0,68.0,86.0,0.8372093023255814,0.7906976744186046,0.8,0.8
Espanol,1,La Liga,away,5,4,5,66.0,76.0,76.0,0.868421052631579,1.0,1.0,0.8
Espanol,1,La Liga,home,7,6,6,102.0,95.0,104.0,0.9807692307692307,0.9134615384615384,0.8571428571428571,0.8571428571428571
Espanol,2,La Liga,away,4,4,3,67.0,44.0,67.0,1.0,0.6567164179104478,0.75,1.0
Espanol,2,La Liga,home,2,2,2,18.0,18.0,18.0,1.0,1.0,1.0,1.0
Espanol,all,La Liga,away,15,14,13,227.0,210.0,237.0,0.9578059071729957,0.8860759493670886,0.8666666666666667,0.9333333333333333
Espanol,all,La Liga,home,14,12,12,192.0,181.0,208.0,0.9230769230769231,0.8701923076923077,0.8571428571428571,0.8571428571428571
Everton,0,Premier League,away,6,2,6,20.0,81.0,81.0,0.24691358024691357,1.0,1.0,0.3333333333333333
Everton,0,Premier League,home,5,4,4,80.0,83.0,105.0,0.7619047619047619,0.7904761904761904,0.8,0.8
Everton,1,Premier League,away,5,2,4,32.0,71.0,85.0,0.3764705882352941,0.8352941176470589,0.8,0.4
Everton,1,Premier League,home,6,4,3,89.0,50.0,96.0,0.9270833333333334,0.5208333333333334,0.5,0.6666666666666666
Everton,2,Premier League,away,4,3,4,40.0,61.0,61.0,0.6557377049180327,1.0,1.0,0.75
Everton,2,Premier League,home,5,4,3,55.0,38.0,70.0,0.7857142857142857,0.5428571428571428,0.6,0.8
Everton,all,Premier League,away,15,7,14,92.0,213.0,227.0,0.4052863436123348,0.9383259911894273,0.9333333333333333,0.4666666666666667
Everton,all,Premier League,home,16,12,10,224.0,171.0,271.0,0.8265682656826568,0.6309963099630996,0.625,0.75
FC Koln,0,Bundesliga,away,6,4,5,47.0,60.0,83.0,0.5662650602409639,0.7228915662650602,0.8333333333333334,0.6666666666666666
FC Koln,0,Bundesliga,home,5,3,3,42.0,28.0,67.0,0.6268656716417911,0.417910447761194,0.6,0.6
FC Koln,1,Bundesliga,away,4,3,4,41.0,52.0,52.0,0.7884615384615384,1.0,1.0,0.75
FC Koln,1,Bundesliga,home,6,4,5,66.0,88.0,114.0,0.5789473684210527,0.7719298245614035,0.8333333333333334,0.6666666666666666
FC Koln,2,Bundesliga,away,4,1,3,7.0,43.0,61.0,0.11475409836065574,0.7049180327868853,0.75,0.25
FC Koln,2,Bundesliga,home,3,1,2,1.0,25.0,29.0,0.034482758620689655,0.8620689655172413,0.6666666666666666,0.3333333333333333
FC Koln,all,Bundesliga,away,14,8,12,95.0,155.0,196.0,0.4846938775510204,0.7908163265306123,0.8571428571428571,0.5714285714285714
FC Koln,all,Bundesliga,home,14,8,10,109.0,141.0,210.0,0.5190476190476191,0.6714285714285714,0.7142857142857143,0.5714285714285714
Fiorentina,0,Serie A,away,6,3,5,63.0,83.0,111.0,0.5675675675675675,0.7477477477477478,0.8333333333333334,0.5
Fiorentina,0,Serie A,home,6,4,5,71.0,80.0,83.0,0.8554216867469879,0.963855421686747,0.8333333333333334,0.6666666666666666
Fiorentina,1,Serie A,away,3,1,2,6.0,10.0,12.0,0.5,0.8333333333333334,0.6666666666666666,0.3333333333333333
Fiorentina,1,Serie A,home,5,4,5,77.0,96.0,96.0,0.8020833333333334,1.0,1.0,0.8
Fiorentina,2,Serie A,away,5,5,2,85.0,22.0,85.0,1.0,0.25882352941176473,0.4,1.0
Fiorentina,2,Serie A,home,5,5,3,78.0,44.0,78.0,1.0,0.5641025641025641,0.6,1.0
Fiorentina,all,Serie A,away,14,9,9,154.0,115.0,208.0,0.7403846153846154,0.5528846153846154,0.6428571428571429,0.6428571428571429
Fiorentina,all,Serie A,home,16,13,13,226.0,220.0,257.0,0.8793774319066148,0.8560311284046692,0.8125,0.8125
Freiburg,0,Bundesliga,away,4,3,4,38.0,48.0,48.0,0.7916666666666666,1.0,1.0,0.75
Freiburg,0,Bundesliga,home,5,4,5,56.0,83.0,83.0,0.6746987951807228,1.0,1.0,0.8
Freiburg,1,Bundesliga,away,6,3,3,54.0,69.0,100.0,0.54,0.69,0.5,0.5
Freiburg,1,Bundesliga,home,6,5,3,74.0,50.0,80.0,0.925,0.625,0.5,0.8333333333333334
Freiburg,2,Bundesliga,away,4,4,1,45.0,9.0,45.0,1.0,0.2,0.25,1.0
Freiburg,2,Bundesliga,home,3,3,2,50.0,46.0,50.0,1.0,0.92,0.6666666666666666,1.0
Freiburg,all,Bundesliga,away,14,10,8,137.0,126.0,193.0,0.7098445595854922,0.6528497409326425,0.5714285714285714,0.7142857142857143
Freiburg,all,Bundesliga,home,14,12,10,180.0,179.0,213.0,0.8450704225352113,0.8403755868544601,0.7142857142857143,0.8571428571428571
Fulham,0,Premier League,away,5,4,4,49.0,45.0,69.0,0.7101449275362319,0.6521739130434783,0.8,0.8
Fulham,0,Premier League,home,6,4,5,42.0,78.0,90.0,0.4666666666666667,0.8666666666666667,0.8333333333333334,0.6666666666666666
Fulham,1,Premier League,away,5,3,2,72.0,55.0,96.0,0.75,0.5729166666666666,0.4,0.6
Fulham,1,Premier League,home,5,5,5,47.0,47.0,47.0,1.0,1.0,1.0,1.0
Fulham,2,Premier League,away,5,5,4,82.0,63.0,82.0,1.0,0.7682926829268293,0.8,1.0
Fulham,2,Premier League,home,4,2,2,41.0,49.0,86.0,0.47674418604651164,0.5697674418604651,0.5,0.5
Fulham,all,Premier League,away,15,12,10,203.0,163.0,247.0,0.8218623481781376,0.659919028340081,0.6666666666666666,0.8
Fulham,all,Premier League,home,15,11,12,130.0,174.0,223.0,0.5829596412556054,0.7802690582959642,0.8,0.7333333333333333
Getafe,0,La Liga,away,5,2,4,45.0,92.0,120.0,0.375,0.7666666666666667,0.8,0.4
Getafe,0,La Liga,home,7,2,5,15.0,43.0,76.0,0.19736842105263158,0.5657894736842105,0.7142857142857143,0.2857142857142857
Getafe,1,La Liga,away,5,4,3,35.0,29.0,44.0,0.7954545454545454,0.6590909090909091,0.6,0.8
Getafe,1,La Liga,home,5,5,3,96.0,54.0,96.0,1.0,0.5625,0.6,1.0
Getafe,2,La Liga,away,4,3,3,42.0,44.0,56.0,0.75,0.7857142857142857,0.75,0.75
Getafe,2,La Liga,home,3,2,1,40.0,17.0,53.0,0.7547169811320755,0.32075471698113206,0.3333333333333333,0.6666666666666666
Getafe,all,La Liga,away,14,9,10,122.0,165.0,220.0,0.5545454545454546,0.75,0.7142857142857143,0.6428571428571429
Getafe,all,La Liga,home,15,9,9,151.0,114.0,225.0,0.6711111111111111,0.5066666666666667,0.6,0.6
Girona,0,La Liga,away,6,4,5,50.0,68.0,97.0,0.5154639175257731,0.7010309278350515,0.8333333333333334,0.6666666666666666
Girona,0,La Liga,home,4,2,4,20.0,65.0,65.0,0.3076923076923077,1.0,1.0,0.5
Girona,1,La Liga,away,2,2,2,31.0,31.0,31.0,1.0,1.0,1.0,1.0
Girona,1,La Liga,home,5,4,5,48.0,51.0,51.0,0.9411764705882353,1.0,1.0,0.8
Girona,2,La Liga,away,6,4,6,65.0,88.0,88.0,0.7386363636363636,1.0,1.0,0.6666666666666666
Girona,2,La Liga,home,6,6,4,113.0,62.0,113.0,1.0,0.5486725663716814,0.6666666666666666,1.0
Girona,all,La Liga,away,14,10,13,146.0,187.0,216.0,0.6759259259259259,0.8657407407407407,0.9285714285714286,0.7142857142857143
Girona,all,La Liga,home,15,12,13,181.0,178.0,229.0,0.7903930131004366,0.777292576419214,0.8666666666666667,0.8
Hertha,0,Bundesliga,away,6,5,6,81.0,100.0,100.0,0.81,1.0,1.0,0.8333333333333334
Hertha,0,Bundesliga,home,7,4,7,30.0,79.0,79.0,0.379746835443038,1.0,1.0,0.5714285714285714
Hertha,1,Bundesliga,away,5,3,4,37.0,47.0,52.0,0.7115384615384616,0.9038461538461539,0.8,0.6
Hertha,1,Bundesliga,home,6,5,4,89.0,69.0,106.0,0.839622641509434,0.6509433962264151,0.6666666666666666,0.8333333333333334
Hertha,2,Bundesliga,away,3,3,3,58.0,58.0,58.0,1.0,1.0,1.0,1.0
Hertha,2,Bundesliga,home,1,1,1,11.0,11.0,11.0,1.0,1.0,1.0,1.0
Hertha,all,Bundesliga,away,14,11,13,176.0,205.0,210.0,0.8380952380952381,0.9761904761904762,0.9285714285714286,0.7857142857142857
Hertha,all,Bundesliga,home,14,10,12,130.0,159.0,196.0,0.6632653061224489,0.8112244897959183,0.8571428571428571,0.7142857142857143
Hoffenheim,0,Bundesliga,away,6,5,5,85.0,87.0,90.0,0.9444444444444444,0.9666666666666667,0.8333333333333334,0.8333333333333334
Hoffenheim,0,Bundesliga,home,5,2,4,33.0,66.0,73.0,0.4520547945205479,0.9041095890410958,0.8,0.4
Hoffenheim,1,Bundesliga,away,5,3,5,39.0,83.0,83.0,0.46987951807228917,1.0,1.0,0.6
Hoffenheim,1,Bundesliga,home,5,5,4,52.0,48.0,52.0,1.0,0.9230769230769231,0.8,1.0
Hoffenheim,2,Bundesliga,away,3,3,2,37.0,27.0,37.0,1.0,0.7297297297297297,0.6666666666666666,1.0
Hoffenheim,2,Bundesliga,home,4,4,3,71.0,44.0,71.0,1.0,0.6197183098591549,0.75,1.0
Hoffenheim,all,Bundesliga,away,14,11,12,161.0,197.0,210.0,0.7666666666666667,0.9380952380952381,0.8571428571428571,0.7857142857142857
Hoffenheim,all,Bundesliga,home,14,11,11,156.0,158.0,196.0,0.7959183673469388,0.8061224489795918,0.7857142857142857,0.7857142857142857
Inter,0,Serie A,away,4,3,4,23.0,36.0,36.0,0.6388888888888888,1.0,1.0,0.75
Inter,0,Serie A,home,4,3,2,45.0,35.0,72.0,0.625,0.4861111111111111,0.5,0.75
Inter,1,Serie A,away,5,4,5,44.0,68.0,68.0,0.6470588235294118,1.0,1.0,0.8
Inter,1,Serie A,home,6,3,5,43.0,114.0,120.0,0.35833333333333334,0.95,0.8333333333333334,0.5
Inter,2,Serie A,away,5,4,4,76.0,76.0,98.0,0.7755102040816326,0.7755102040816326,0.8,0.8
Inter,2,Serie A,home,6,6,1,71.0,4.0,71.0,1.0,0.056338028169014086,0.16666666666666666,1.0
Inter,all,Serie A,away,14,11,13,143.0,180.0,202.0,0.7079207920792079,0.8910891089108911,0.9285714285714286,0.7857142857142857
Inter,all,Serie A,home,16,12,8,159.0,153.0,263.0,0.6045627376425855,0.5817490494296578,0.5,0.75
Juventus,0,Serie A,away,5,3,4,74.0,81.0,108.0,0.6851851851851852,0.75,0.8,0.6
Juventus,0,Serie A,home,4,4,2,50.0,22.0,50.0,1.0,0.44,0.5,1.0
Juventus,1,Serie A,away,4,2,3,15.0,42.0,52.0,0.28846153846153844,0.8076923076923077,0.75,0.5
Juventus,1,Serie A,home,7,6,2,83.0,44.0,103.0,0.8058252427184466,0.42718446601941745,0.2857142857142857,0.8571428571428571
Juventus,2,Serie A,away,6,5,0,86.0,0.0,88.0,0.9772727272727273,0.0,0.0,0.8333333333333334
Juventus,2,Serie A,home,4,4,2,64.0,32.0,64.0,1.0,0.5,0.5,1.0
Juventus,all,Serie A,away,15,10,7,175.0,123.0,248.0,0.7056451612903226,0.4959677419354839,0.4666666666666667,0.6666666666666666
Juventus,all,Serie A,home,15,14,6,197.0,98.0,217.0,0.9078341013824884,0.45161290322580644,0.4,0.9333333333333333
Lazio,0,Serie A,away,4,3,1,49.0,15.0,64.0,0.765625,0.234375,0.25,0.75
Lazio,0,Serie A,home,6,5,4,83.0,59.0,105.0,0.7904761904761904,0.5619047619047619,0.6666666666666666,0.8333333333333334
Lazio,1,Serie A,away,5,3,0,55.0,0.0,83.0,0.6626506024096386,0.0,0.0,0.6
Lazio,1,Serie A,home,5,4,3,52.0,38.0,62.0,0.8387096774193549,0.6129032258064516,0.6,0.8
Lazio,2,Serie A,away,6,6,3,101.0,41.0,101.0,1.0,0.40594059405940597,0.5,1.0
Lazio,2,Serie A,home,4,4,1,50.0,12.0,50.0,1.0,0.24,0.25,1.0
Lazio,all,Serie A,away,15,12,4,205.0,56.0,248.0,0.8266129032258065,0.22580645161290322,0.26666666666666666,0.8
Lazio,all,Serie A,home,15,13,8,185.0,109.0,217.0,0.8525345622119815,0.5023041474654378,0.5333333333333333,0.8666666666666667
Lecce,0,Serie A,away,4,3,4,36.0,61.0,61.0,0.5901639344262295,1.0,1.0,0.75
Lecce,0,Serie A,home,7,6,7,100.0,112.0,112.0,0.8928571428571429,1.0,1.0,0.8571428571428571
Lecce,1,Serie A,away,6,1,6,13.0,86.0,86.0,0.1511627906976744,1.0,1.0,0.16666666666666666
Lecce,1,Serie A,home,5,3,5,19.0,69.0,69.0,0.2753623188405797,1.0,1.0,0.6
Lecce,2,Serie A,away,5,3,2,43.0,26.0,79.0,0.5443037974683544,0.3291139240506329,0.4,0.6
Lecce,2,Serie A,home,3,3,3,58.0,58.0,58.0,1.0,1.0,1.0,1.0
Lecce,all,Serie A,away,15,7,12,92.0,173.0,226.0,0.40707964601769914,0.7654867256637168,0.8,0.4666666666666667
Lecce,all,Serie A,home,15,12,15,177.0,239.0,239.0,0.7405857740585774,1.0,1.0,0.8
Leeds,0,Premier League,away,6,4,5,73.0,77.0,95.0,0.7684210526315789,0.8105263157894737,0.8333333333333334,0.6666666666666666
Leeds,0,Premier League,home,5,2,4,44.0,78.0,87.0,0.5057471264367817,0.896551724137931,0.8,0.4
Leeds,1,Premier League,away,5,4,5,58.0,84.0,84.0,0.6904761904761905,1.0,1.0,0.8
Leeds,1,Premier League,home,7,6,5,95.0,92.0,116.0,0.8189655172413793,0.7931034482758621,0.7142857142857143,0.8571428571428571
Leeds,2,Premier League,away,4,1,4,2.0,60.0,60.0,0.03333333333333333,1.0,1.0,0.25
Leeds,2,Premier League,home,4,4,3,56.0,31.0,56.0,1.0,0.5535714285714286,0.75,1.0
Leeds,all,Premier League,away,15,9,14,133.0,221.0,239.0,0.5564853556485355,0.9246861924686193,0.9333333333333333,0.6
Leeds,all,Premier League,home,16,12,12,195.0,201.0,259.0,0.752895752895753,0.7760617760617761,0.75,0.75
Leicester,0,Premier League,away,6,5,6,70.0,94.0,94.0,0.7446808510638298,1.0,1.0,0.8333333333333334
Leicester,0,Premier League,home,7,3,7,51.0,112.0,112.0,0.45535714285714285,1.0,1.0,0.42857142857142855
Leicester,1,Premier League,away,6,6,5,102.0,89.0,102.0,1.0,0.8725490196078431,0.8333333333333334,1.0
Leicester,1,Premier League,home,5,2,4,28.0,78.0,89.0,0.3146067415730337,0.8764044943820225,0.8,0.4
Leicester,2,Premier League,away,4,2,2,31.0,46.0,77.0,0.4025974025974026,0.5974025974025974,0.5,0.5
Leicester,2,Premier League,home,3,3,1,24.0,3.0,24.0,1.0,0.125,0.3333333333333333,1.0
Leicester,all,Premier League,away,16,13,13,203.0,229.0,273.0,0.7435897435897436,0.8388278388278388,0.8125,0.8125
Leicester,all,Premier League,home,15,8,12,103.0,193.0,225.0,0.4577777777777778,0.8577777777777778,0.8,0.5333333333333333
Leverkusen,0,Bundesliga,away,5,2,5,32.0,53.0,53.0,0.6037735849056604,1.0,1.0,0.4
Leverkusen,0,Bundesliga,home,5,4,4,70.0,75.0,88.0,0.7954545454545454,0.8522727272727273,0.8,0.8
Leverkusen,1,Bundesliga,away,7,5,5,78.0,93.0,125.0,0.624,0.744,0.7142857142857143,0.7142857142857143
Leverkusen,1,Bundesliga,home,5,4,5,41.0,44.0,44.0,0.9318181818181818,1.0,1.0,0.8
Leverkusen,2,Bundesliga,away,2,2,1,32.0,6.0,32.0,1.0,0.1875,0.5,1.0
Leverkusen,2,Bundesliga,home,4,4,1,64.0,23.0,64.0,1.0,0.359375,0.25,1.0
Leverkusen,all,Bundesliga,away,14,9,11,142.0,152.0,210.0,0.6761904761904762,0.7238095238095238,0.7857142857142857,0.6428571428571429
Leverkusen,all,Bundesliga,home,14,12,10,175.0,142.0,196.0,0.8928571428571429,0.7244897959183674,0.7142857142857143,0.8571428571428571
Liverpool,0,Premier League,away,7,6,6,98.0,94.0,118.0,0.8305084745762712,0.7966101694915254,0.8571428571428571,0.8571428571428571
Liverpool,0,Premier League,home,5,5,3,82.0,45.0,82.0,1.0,0.5487804878048781,0.6,1.0
Liverpool,1,Premier League,away,6,2,4,20.0,69.0,127.0,0.15748031496062992,0.5433070866141733,0.6666666666666666,0.3333333333333333
Liverpool,1,Premier League,home,4,3,1,13.0,2.0,34.0,0.38235294117647056,0.058823529411764705,0.25,0.75
Liverpool,2,Premier League,away,3,1,2,32.0,45.0,51.0,0.6274509803921569,0.8823529411764706,0.6666666666666666,0.3333333333333333
Liverpool,2,Premier League,home,5,5,3,83.0,48.0,83.0,1.0,0.5783132530120482,0.6,1.0
Liverpool,all,Premier League,away,16,9,12,150.0,208.0,296.0,0.5067567567567568,0.7027027027027027,0.75,0.5625
Liverpool,all,Premier League,home,14,13,7,178.0,95.0,199.0,0.8944723618090452,0.47738693467336685,0.5,0.9285714285714286
M'gladbach,0,Bundesliga,away,5,3,4,44.0,68.0,74.0,0.5945945945945946,0.918918918918919,0.8,0.6
M'gladbach,0,Bundesliga,home,6,5,4,70.0,63.0,93.0,0.7526881720430108,0.6774193548387096,0.6666666666666666,0.8333333333333334
M'gladbach,1,Bundesliga,away,6,3,5,36.0,75.0,101.0,0.3564356435643564,0.7425742574257426,0.8333333333333334,0.5
M'gladbach,1,Bundesliga,home,5,4,4,62.0,40.0,67.0,0.9253731343283582,0.5970149253731343,0.8,0.8
M'gladbach,2,Bundesliga,away,3,3,3,36.0,36.0,36.0,1.0,1.0,1.0,1.0
M'gladbach,2,Bundesliga,home,3,2,1,16.0,13.0,35.0,0.45714285714285713,0.37142857142857144,0.3333333333333333,0.6666666666666666
M'gladbach,all,Bundesliga,away,14,9,12,116.0,179.0,211.0,0.5497630331753555,0.8483412322274881,0.8571428571428571,0.6428571428571429
M'gladbach,all,Bundesliga,home,14,11,9,148.0,116.0,195.0,0.7589743589743589,0.5948717948717949,0.6428571428571429,0.7857142857142857
Mainz,0,Bundesliga,away,5,5,4,86.0,60.0,86.0,1.0,0.6976744186046512,0.8,1.0
Mainz,0,Bundesliga,home,6,4,5,66.0,70.0,72.0,0.9166666666666666,0.9722222222222222,0.8333333333333334,0.6666666666666666
Mainz,1,Bundesliga,away,5,5,3,52.0,37.0,52.0,1.0,0.7115384615384616,0.6,1.0
Mainz,1,Bundesliga,home,6,5,3,103.0,60.0,116.0,0.8879310344827587,0.5172413793103449,0.5,0.8333333333333334
Mainz,2,Bundesliga,away,4,3,4,41.0,55.0,55.0,0.7454545454545455,1.0,1.0,0.75
Mainz,2,Bundesliga,home,2,2,2,25.0,25.0,25.0,1.0,1.0,1.0,1.0
Mainz,all,Bundesliga,away,14,13,11,179.0,152.0,193.0,0.927461139896373,0.7875647668393783,0.7857142857142857,0.9285714285714286
Mainz,all,Bundesliga,home,14,11,10,194.0,155.0,213.0,0.9107981220657277,0.7276995305164319,0.7142857142857143,0.7857142857142857
Mallorca,0,La Liga,away,5,2,3,18.0,42.0,56.0,0.32142857142857145,0.75,0.6,0.4
Mallorca,0,La Liga,home,6,5,4,86.0,58.0,93.0,0.9247311827956989,0.6236559139784946,0.6666666666666666,0.8333333333333334
Mallorca,1,La Liga,away,5,3,3,62.0,68.0,101.0,0.6138613861386139,0.6732673267326733,0.6,0.6
Mallorca,1,La Liga,home,5,3,2,38.0,13.0,75.0,0.5066666666666667,0.17333333333333334,0.4,0.6
Mallorca,2,La Liga,away,5,3,5,43.0,77.0,77.0,0.5584415584415584,1.0,1.0,0.6
Mallorca,2,La Liga,home,3,2,2,18.0,37.0,43.0,0.4186046511627907,0.8604651162790697,0.6666666666666666,0.6666666666666666
Mallorca,all,La Liga,away,15,8,11,123.0,187.0,234.0,0.5256410256410257,0.7991452991452992,0.7333333333333333,0.5333333333333333
Mallorca,all,La Liga,home,14,10,8,142.0,108.0,211.0,0.6729857819905213,0.5118483412322274,0.5714285714285714,0.7142857142857143
Man City,0,Premier League,away,5,4,5,41.0,63.0,63.0,0.6507936507936508,1.0,1.0,0.8
Man City,0,Premier League,home,5,5,4,78.0,52.0,78.0,1.0,0.6666666666666666,0.8,1.0
Man City,1,Premier League,away,5,4,2,79.0,36.0,90.0,0.8777777777777778,0.4,0.4,0.8
Man City,1,Premier League,home,6,6,4,87.0,64.0,87.0,1.0,0.735632183908046,0.6666666666666666,1.0
Man City,2,Premier League,away,5,5,3,87.0,72.0,87.0,1.0,0.8275862068965517,0.6,1.0
Man City,2,Premier League,home,4,4,2,65.0,50.0,65.0,1.0,0.7692307692307693,0.5,1.0
Man City,all,Premier League,away,15,13,10,207.0,171.0,240.0,0.8625,0.7125,0.6666666666666666,0.8666666666666667
Man City,all,Premier League,home,15,15,10,230.0,166.0,230.0,1.0,0.7217391304347827,0.6666666666666666,1.0
Man United,0,Premier League,away,4,3,4,45.0,74.0,74.0,0.6081081081081081,1.0,1.0,0.75
Man United,0,Premier League,home,5,4,3,39.0,27.0,50.0,0.78,0.54,0.6,0.8
Man United,1,Premier League,away,6,4,5,54.0,64.0,82.0,0.6585365853658537,0.7804878048780488,0.8333333333333334,0.6666666666666666
Man United,1,Premier League,home,4,4,2,69.0,25.0,69.0,1.0,0.36231884057971014,0.5,1.0
Man United,2,Premier League,away,5,5,1,74.0,10.0,74.0,1.0,0.13513513513513514,0.2,1.0
Man United,2,Premier League,home,6,5,1,94.0,8.0,121.0,0.7768595041322314,0.06611570247933884,0.16666666666666666,0.8333333333333334
Man United,all,Premier League,away,15,12,10,173.0,148.0,230.0,0.7521739130434782,0.6434782608695652,0.6666666666666666,0.8
Man United,all,Premier League,home,15,13,6,202.0,60.0,240.0,0.8416666666666667,0.25,0.4,0.8666666666666667
Milan,0,Serie A,away,4,2,3,30.0,42.0,70.0,0.42857142857142855,0.6,0.75,0.5
Milan,0,Serie A,home,5,5,3,62.0,29.0,62.0,1.0,0.46774193548387094,0.6,1.0
Milan,1,Serie A,away,7,6,5,125.0,102.0,129.0,0.9689922480620154,0.7906976744186046,0.7142857142857143,0.8571428571428571
Milan,1,Serie A,home,7,6,4,72.0,47.0,101.0,0.7128712871287128,0.46534653465346537,0.5714285714285714,0.8571428571428571
Milan,2,Serie A,away,5,4,4,50.0,50.0,64.0,0.78125,0.78125,0.8,0.8
Milan,2,Serie A,home,2,2,2,39.0,39.0,39.0,1.0,1.0,1.0,1.0
Milan,all,Serie A,away,16,12,12,205.0,194.0,263.0,0.779467680608365,0.7376425855513308,0.75,0.75
Milan,all,Serie A,home,14,13,9,173.0,115.0,202.0,0.8564356435643564,0.5693069306930693,0.6428571428571429,0.9285714285714286
Monza,0,Serie A,away,6,3,4,61.0,31.0,81.0,0.7530864197530864,0.38271604938271603,0.6666666666666666,0.5
Monza,0,Serie A,home,5,2,4,24.0,73.0,80.0,0.3,0.9125,0.8,0.4
Monza,1,Serie A,away,4,3,3,67.0,55.0,77.0,0.8701298701298701,0.7142857142857143,0.75,0.75
Monza,1,Serie A,home,5,5,5,60.0,60.0,60.0,1.0,1.0,1.0,1.0
Monza,2,Serie A,away,5,4,4,58.0,74.0,82.0,0.7073170731707317,0.9024390243902439,0.8,0.8
Monza,2,Serie A,home,5,5,2,85.0,48.0,85.0,1.0,0.5647058823529412,0.4,1.0
Monza,all,Serie A,away,15,10,11,186.0,160.0,240.0,0.775,0.6666666666666666,0.7333333333333333,0.6666666666666666
Monza,all,Serie A,home,15,12,11,169.0,181.0,225.0,0.7511111111111111,0.8044444444444444,0.7333333333333333,0.8
Napoli,0,Serie A,away,5,4,4,36.0,41.0,52.0,0.6923076923076923,0.7884615384615384,0.8,0.8
Napoli,0,Serie A,home,5,3,4,64.0,91.0,117.0,0.5470085470085471,0.7777777777777778,0.8,0.6
Napoli,1,Serie A,away,4,3,0,74.0,0.0,77.0,0.961038961038961,0.0,0.0,0.75
Napoli,1,Serie A,home,6,6,3,61.0,33.0,61.0,1.0,0.5409836065573771,0.5,1.0
Napoli,2,Serie A,away,6,6,3,96.0,39.0,96.0,1.0,0.40625,0.5,1.0
Napoli,2,Serie A,home,4,3,1,32.0,4.0,62.0,0.5161290322580645,0.06451612903225806,0.25,0.75
Napoli,all,Serie A,away,15,13,7,206.0,80.0,225.0,0.9155555555555556,0.35555555555555557,0.4666666666666667,0.8666666666666667
Napoli,all,Serie A,home,15,12,8,157.0,128.0,240.0,0.6541666666666667,0.5333333333333333,0.5333333333333333,0.8
Newcastle,0,Premier League,away,6,1,3,13.0,71.0,103.0,0.1262135922330097,0.6893203883495146,0.5,0.16666666666666666
Newcastle,0,Premier League,home,3,3,1,46.0,3.0,46.0,1.0,0.06521739130434782,0.3333333333333333,1.0
Newcastle,1,Premier League,away,6,5,5,72.0,72.0,93.0,0.7741935483870968,0.7741935483870968,0.8333333333333334,0.8333333333333334
Newcastle,1,Premier League,home,7,5,4,81.0,69.0,111.0,0.7297297297297297,0.6216216216216216,0.5714285714285714,0.7142857142857143
Newcastle,2,Premier League,away,4,4,3,90.0,73.0,90.0,1.0,0.8111111111111111,0.75,1.0
Newcastle,2,Premier League,home,4,3,1,35.0,22.0,53.0,0.660377358490566,0.41509433962264153,0.25,0.75
Newcastle,all,Premier League,away,16,10,11,175.0,216.0,286.0,0.6118881118881119,0.7552447552447552,0.6875,0.625
Newcastle,all,Premier League,home,14,11,6,162.0,94.0,210.0,0.7714285714285715,0.44761904761904764,0.42857142857142855,0.7857142857142857
Nott'm Forest,0,Premier League,away,7,1,6,27.0,95.0,107.0,0.2523364485981308,0.8878504672897196,0.8571428571428571,0.14285714285714285
Nott'm Forest,0,Premier League,home,5,3,5,62.0,98.0,98.0,0.6326530612244898,1.0,1.0,0.6
Nott'm Forest,1,Premier League,away,3,1,3,21.0,55.0,55.0,0.38181818181818183,1.0,1.0,0.3333333333333333
Nott'm Forest,1,Premier League,home,7,7,5,105.0,76.0,105.0,1.0,0.7238095238095238,0.7142857142857143,1.0
Nott'm Forest,2,Premier League,away,5,3,4,29.0,44.0,63.0,0.4603174603174603,0.6984126984126984,0.8,0.6
Nott'm Forest,2,Premier League,home,4,4,1,70.0,26.0,70.0,1.0,0.37142857142857144,0.25,1.0
Nott'm Forest,all,Premier League,away,15,5,13,77.0,194.0,225.0,0.3422222222222222,0.8622222222222222,0.8666666666666667,0.3333333333333333
Nott'm Forest,all,Premier League,home,16,14,11,237.0,200.0,273.0,0.8681318681318682,0.7326007326007326,0.6875,0.875
Osasuna,0,La Liga,away,5,1,4,7.0,34.0,50.0,0.14,0.68,0.8,0.2
Osasuna,0,La Liga,home,4,1,4,14.0,83.0,83.0,0.1686746987951807,1.0,1.0,0.25
Osasuna,1,La Liga,away,6,4,4,78.0,78.0,128.0,0.609375,0.609375,0.6666666666666666,0.6666666666666666
Osasuna,1,La Liga,home,5,4,2,34.0,5.0,59.0,0.576271186440678,0.0847457627118644,0.4,0.8
Osasuna,2,La Liga,away,4,3,3,44.0,65.0,70.0,0.6285714285714286,0.9285714285714286,0.75,0.75
Osasuna,2,La Liga,home,5,4,3,49.0,43.0,55.0,0.8909090909090909,0.7818181818181819,0.6,0.8
Osasuna,all,La Liga,away,15,8,11,129.0,177.0,248.0,0.5201612903225806,0.7137096774193549,0.7333333333333333,0.5333333333333333
Osasuna,all,La Liga,home,14,9,9,97.0,131.0,197.0,0.49238578680203043,0.6649746192893401,0.6428571428571429,0.6428571428571429
RB Leipzig,0,Bundesliga,away,3,2,3,26.0,31.0,31.0,0.8387096774193549,1.0,1.0,0.6666666666666666
RB Leipzig,0,Bundesliga,home,6,6,4,90.0,72.0,90.0,1.0,0.8,0.6666666666666666,1.0
RB Leipzig,1,Bundesliga,away,7,5,5,69.0,55.0,95.0,0.7263157894736842,0.5789473684210527,0.7142857142857143,0.7142857142857143
RB Leipzig,1,Bundesliga,home,5,4,3,58.0,56.0,84.0,0.6904761904761905,0.6666666666666666,0.6,0.8
RB Leipzig,2,Bundesliga,away,4,3,3,45.0,43.0,70.0,0.6428571428571429,0.6142857142857143,0.75,0.75
RB Leipzig,2,Bundesliga,home,3,3,2,36.0,28.0,36.0,1.0,0.7777777777777778,0.6666666666666666,1.0
RB Leipzig,all,Bundesliga,away,14,10,11,140.0,129.0,196.0,0.7142857142857143,0.6581632653061225,0.7857142857142857,0.7142857142857143
RB Leipzig,all,Bundesliga,home,14,13,9,184.0,156.0,210.0,0.8761904761904762,0.7428571428571429,0.6428571428571429,0.9285714285714286
Real Madrid,0,La Liga,away,5,4,3,67.0,49.0,92.0,0.7282608695652174,0.532608695652174,0.6,0.8
Real Madrid,0,La Liga,home,5,4,4,66.0,66.0,85.0,0.7764705882352941,0.7764705882352941,0.8,0.8
Real Madrid,1,La Liga,away,5,4,3,53.0,36.0,74.0,0.7162162162162162,0.4864864864864865,0.6,0.8
Real Madrid,1,La Liga,home,5,5,4,63.0,35.0,63.0,1.0,0.5555555555555556,0.8,1.0
Real Madrid,2,La Liga,away,5,5,2,52.0,4.0,52.0,1.0,0.07692307692307693,0.4,1.0
Real Madrid,2,La Liga,home,4,4,2,79.0,40.0,79.0,1.0,0.5063291139240507,0.5,1.0
Real Madrid,all,La Liga,away,15,13,8,172.0,89.0,218.0,0.7889908256880734,0.40825688073394495,0.5333333333333333,0.8666666666666667
Real Madrid,all,La Liga,home,14,13,10,208.0,141.0,227.0,0.9162995594713657,0.6211453744493393,0.7142857142857143,0.9285714285714286
Roma,0,Serie A,away,5,4,5,48.0,75.0,75.0,0.64,1.0,1.0,0.8
Roma,0,Serie A,home,4,1,3,25.0,31.0,56.0,0.44642857142857145,0.5535714285714286,0.75,0.25
Roma,1,Serie A,away,4,3,3,49.0,25.0,54.0,0.9074074074074074,0.46296296296296297,0.75,0.75
Roma,1,Serie A,home,7,7,2,130.0,41.0,130.0,1.0,0.3153846153846154,0.2857142857142857,1.0
Roma,2,Serie A,away,6,6,3,88.0,58.0,88.0,1.0,0.6590909090909091,0.5,1.0
Roma,2,Serie A,home,4,4,1,62.0,9.0,62.0,1.0,0.14516129032258066,0.25,1.0
Roma,all,Serie A,away,15,13,11,185.0,158.0,217.0,0.8525345622119815,0.728110599078341,0.7333333333333333,0.8666666666666667
Roma,all,Serie A,home,15,12,6,217.0,81.0,248.0,0.875,0.32661290322580644,0.4,0.8
Salernitana,0,Serie A,away,5,4,5,62.0,72.0,72.0,0.8611111111111112,1.0,1.0,0.8
Salernitana,0,Serie A,home,6,2,6,45.0,109.0,109.0,0.41284403669724773,1.0,1.0,0.3333333333333333
Salernitana,1,Serie A,away,6,3,5,48.0,71.0,73.0,0.6575342465753424,0.9726027397260274,0.8333333333333334,0.5
Salernitana,1,Serie A,home,4,4,3,73.0,49.0,73.0,1.0,0.6712328767123288,0.75,1.0
Salernitana,2,Serie A,away,4,2,3,48.0,70.0,95.0,0.5052631578947369,0.7368421052631579,0.75,0.5
Salernitana,2,Serie A,home,5,5,3,43.0,29.0,43.0,1.0,0.6744186046511628,0.6,1.0
Salernitana,all,Serie A,away,15,9,13,158.0,213.0,240.0,0.6583333333333333,0.8875,0.8666666666666667,0.6
Salernitana,all,Serie A,home,15,11,12,161.0,187.0,225.0,0.7155555555555555,0.8311111111111111,0.8,0.7333333333333333
Sampdoria,0,Serie A,away,5,1,5,26.0,110.0,110.0,0.23636363636363636,1.0,1.0,0.2
Sampdoria,0,Serie A,home,7,2,5,10.0,38.0,62.0,0.16129032258064516,0.6129032258064516,0.7142857142857143,0.2857142857142857
Sampdoria,1,Serie A,away,5,3,5,46.0,78.0,78.0,0.5897435897435898,1.0,1.0,0.6
Sampdoria,1,Serie A,home,4,1,4,23.0,63.0,63.0,0.36507936507936506,1.0,1.0,0.25
Sampdoria,2,Serie A,away,5,4,4,53.0,45.0,56.0,0.9464285714285714,0.8035714285714286,0.8,0.8
Sampdoria,2,Serie A,home,4,2,3,56.0,71.0,96.0,0.5833333333333334,0.7395833333333334,0.75,0.5
Sampdoria,all,Serie A,away,15,8,14,125.0,233.0,244.0,0.5122950819672131,0.9549180327868853,0.9333333333333333,0.5333333333333333
Sampdoria,all,Serie A,home,15,5,12,89.0,172.0,221.0,0.40271493212669685,0.7782805429864253,0.8,0.3333333333333333
Sassuolo,0,Serie A,away,5,3,5,56.0,69.0,69.0,0.8115942028985508,1.0,1.0,0.6
Sassuolo,0,Serie A,home,7,4,4,74.0,64.0,119.0,0.6218487394957983,0.5378151260504201,0.5714285714285714,0.5714285714285714
Sassuolo,1,Serie A,away,6,4,5,65.0,86.0,93.0,0.6989247311827957,0.9247311827956989,0.8333333333333334,0.6666666666666666
Sassuolo,1,Serie A,home,2,2,2,34.0,34.0,34.0,1.0,1.0,1.0,1.0
Sassuolo,2,Serie A,away,4,3,2,56.0,32.0,61.0,0.9180327868852459,0.5245901639344263,0.5,0.75
Sassuolo,2,Serie A,home,6,6,3,89.0,52.0,89.0,1.0,0.5842696629213483,0.5,1.0
Sassuolo,all,Serie A,away,15,10,12,177.0,187.0,223.0,0.7937219730941704,0.8385650224215246,0.8,0.6666666666666666
Sassuolo,all,Serie A,home,15,12,9,197.0,150.0,242.0,0.8140495867768595,0.6198347107438017,0.6,0.8
Schalke 04,0,Bundesliga,away,4,0,3,0.0,32.0,53.0,0.0,0.6037735849056604,0.75,0.0
Schalke 04,0,Bundesliga,home,6,3,6,45.0,98.0,98.0,0.45918367346938777,1.0,1.0,0.5
Schalke 04,1,Bundesliga,away,6,3,4,39.0,66.0,88.0,0.4431818181818182,0.75,0.6666666666666666,0.5
Schalke 04,1,Bundesliga,home,6,3,3,24.0,20.0,72.0,0.3333333333333333,0.2777777777777778,0.5,0.5
Schalke 04,2,Bundesliga,away,3,3,2,39.0,16.0,39.0,1.0,0.41025641025641024,0.6666666666666666,1.0
Schalke 04,2,Bundesliga,home,3,3,3,56.0,56.0,56.0,1.0,1.0,1.0,1.0
Schalke 04,all,Bundesliga,away,13,6,9,78.0,114.0,180.0,0.43333333333333335,0.6333333333333333,0.6923076923076923,0.46153846153846156
Schalke 04,all,Bundesliga,home,15,9,12,125.0,174.0,226.0,0.5530973451327433,0.7699115044247787,0.8,0.6
Sevilla,0,La Liga,away,5,4,5,55.0,76.0,76.0,0.7236842105263158,1.0,1.0,0.8
Sevilla,0,La Liga,home,4,2,4,22.0,33.0,33.0,0.6666666666666666,1.0,1.0,0.5
Sevilla,1,La Liga,away,5,5,4,65.0,56.0,65.0,1.0,0.8615384615384616,0.8,1.0
Sevilla,1,La Liga,home,5,4,4,77.0,67.0,89.0,0.8651685393258427,0.7528089887640449,0.8,0.8
Sevilla,2,La Liga,away,5,4,3,66.0,35.0,93.0,0.7096774193548387,0.3763440860215054,0.6,0.8
Sevilla,2,La Liga,home,5,5,3,89.0,52.0,89.0,1.0,0.5842696629213483,0.6,1.0
Sevilla,all,La Liga,away,15,13,12,186.0,167.0,234.0,0.7948717948717948,0.7136752136752137,0.8,0.8666666666666667
Sevilla,all,La Liga,home,14,11,11,188.0,152.0,211.0,0.8909952606635071,0.7203791469194313,0.7857142857142857,0.7857142857142857
Sociedad,0,La Liga,away,3,0,2,0.0,58.0,77.0,0.0,0.7532467532467533,0.6666666666666666,0.0
Sociedad,0,La Liga,home,5,4,4,31.0,35.0,43.0,0.7209302325581395,0.813953488372093,0.8,0.8
Sociedad,1,La Liga,away,6,5,5,74.0,67.0,85.0,0.8705882352941177,0.788235294117647,0.8333333333333334,0.8333333333333334
Sociedad,1,La Liga,home,4,3,2,48.0,44.0,69.0,0.6956521739130435,0.6376811594202898,0.5,0.75
Sociedad,2,La Liga,away,6,5,3,47.0,51.0,71.0,0.6619718309859155,0.7183098591549296,0.5,0.8333333333333334
Sociedad,2,La Liga,home,5,4,2,75.0,19.0,100.0,0.75,0.19,0.4,0.8
Sociedad,all,La Liga,away,15,10,10,121.0,176.0,233.0,0.51931330472103,0.7553648068669528,0.6666666666666666,0.6666666666666666
Sociedad,all,La Liga,home,14,11,8,154.0,98.0,212.0,0.7264150943396226,0.46226415094339623,0.5714285714285714,0.7857142857142857
Southampton,0,Premier League,away,4,1,3,1.0,19.0,46.0,0.021739130434782608,0.41304347826086957,0.75,0.25
Southampton,0,Premier League,home,7,5,7,104.0,129.0,129.0,0.8062015503875969,1.0,1.0,0.7142857142857143
Southampton,1,Premier League,away,7,4,5,70.0,76.0,112.0,0.625,0.6785714285714286,0.7142857142857143,0.5714285714285714
Southampton,1,Premier League,home,4,2,4,28.0,67.0,67.0,0.417910447761194,1.0,1.0,0.5
Southampton,2,Premier League,away,4,2,4,23.0,77.0,77.0,0.2987012987012987,1.0,1.0,0.5
Southampton,2,Premier League,home,5,4,4,48.0,41.0,67.0,0.7164179104477612,0.6119402985074627,0.8,0.8
Southampton,all,Premier League,away,15,7,12,94.0,172.0,235.0,0.4,0.7319148936170212,0.8,0.4666666666666667
Southampton,all,Premier League,home,16,11,15,180.0,237.0,263.0,0.6844106463878327,0.9011406844106464,0.9375,0.6875
Spezia,0,Serie A,away,5,1,5,13.0,33.0,33.0,0.3939393939393939,1.0,1.0,0.2
Spezia,0,Serie A,home,6,2,6,42.0,135.0,135.0,0.3111111111111111,1.0,1.0,0.3333333333333333
Spezia,1,Serie A,away,7,4,6,93.0,131.0,149.0,0.6241610738255033,0.8791946308724832,0.8571428571428571,0.5714285714285714
Spezia,1,Serie A,home,5,5,4,35.0,34.0,35.0,1.0,0.9714285714285714,0.8,1.0
Spezia,2,Serie A,away,2,1,2,15.0,26.0,26.0,0.5769230769230769,1.0,1.0,0.5
Spezia,2,Serie A,home,5,3,3,45.0,45.0,87.0,0.5172413793103449,0.5172413793103449,0.6,0.6
Spezia,all,Serie A,away,14,6,13,121.0,190.0,208.0,0.5817307692307693,0.9134615384615384,0.9285714285714286,0.42857142857142855
Spezia,all,Serie A,home,16,10,13,122.0,214.0,257.0,0.47470817120622566,0.8326848249027238,0.8125,0.625
Stuttgart,0,Bundesliga,away,7,4,7,68.0,120.0,120.0,0.5666666666666667,1.0,1.0,0.5714285714285714
Stuttgart,0,Bundesliga,home,6,4,6,59.0,71.0,71.0,0.8309859154929577,1.0,1.0,0.6666666666666666
Stuttgart,1,Bundesliga,away,5,4,4,40.0,40.0,44.0,0.9090909090909091,0.9090909090909091,0.8,0.8
Stuttgart,1,Bundesliga,home,5,3,4,49.0,72.0,93.0,0.5268817204301075,0.7741935483870968,0.8,0.6
Stuttgart,2,Bundesliga,away,2,2,2,49.0,49.0,49.0,1.0,1.0,1.0,1.0
Stuttgart,2,Bundesliga,home,3,3,3,29.0,29.0,29.0,1.0,1.0,1.0,1.0
Stuttgart,all,Bundesliga,away,14,10,13,157.0,209.0,213.0,0.7370892018779343,0.9812206572769953,0.9285714285714286,0.7142857142857143
Stuttgart,all,Bundesliga,home,14,10,13,137.0,172.0,193.0,0.7098445595854922,0.8911917098445595,0.9285714285714286,0.7142857142857143
Torino,0,Serie A,away,6,4,6,51.0,79.0,79.0,0.6455696202531646,1.0,1.0,0.6666666666666666
Torino,0,Serie A,home,5,1,4,12.0,78.0,80.0,0.15,0.975,0.8,0.2
Torino,1,Serie A,away,6,6,5,92.0,73.0,92.0,1.0,0.7934782608695652,0.8333333333333334,1.0
Torino,1,Serie A,home,4,3,2,55.0,16.0,62.0,0.8870967741935484,0.25806451612903225,0.5,0.75
Torino,2,Serie A,away,3,3,2,46.0,20.0,46.0,1.0,0.43478260869565216,0.6666666666666666,1.0
Torino,2,Serie A,home,6,5,4,88.0,87.0,106.0,0.8301886792452831,0.8207547169811321,0.6666666666666666,0.8333333333333334
Torino,all,Serie A,away,15,13,13,189.0,172.0,217.0,0.8709677419354839,0.7926267281105991,0.8666666666666667,0.8666666666666667
Torino,all,Serie A,home,15,9,10,155.0,181.0,248.0,0.625,0.7298387096774194,0.6666666666666666,0.6
Tottenham,0,Premier League,away,4,3,3,26.0,28.0,38.0,0.6842105263157895,0.7368421052631579,0.75,0.75
Tottenham,0,Premier League,home,5,3,4,66.0,82.0,104.0,0.6346153846153846,0.7884615384615384,0.8,0.6
Tottenham,1,Premier League,away,6,5,4,73.0,59.0,99.0,0.7373737373737373,0.5959595959595959,0.6666666666666666,0.8333333333333334
Tottenham,1,Premier League,home,5,5,3,81.0,53.0,81.0,1.0,0.654320987654321,0.6,1.0
Tottenham,2,Premier League,away,5,5,4,89.0,85.0,89.0,1.0,0.9550561797752809,0.8,1.0
Tottenham,2,Premier League,home,6,6,4,87.0,52.0,87.0,1.0,0.5977011494252874,0.6666666666666666,1.0
Tottenham,all,Premier League,away,15,13,11,188.0,172.0,226.0,0.831858407079646,0.7610619469026548,0.7333333333333333,0.8666666666666667
Tottenham,all,Premier League,home,16,14,11,234.0,187.0,272.0,0.8602941176470589,0.6875,0.6875,0.875
Udinese,0,Serie A,away,7,3,5,39.0,86.0,121.0,0.32231404958677684,0.7107438016528925,0.7142857142857143,0.42857142857142855
Udinese,0,Serie A,home,4,4,3,48.0,43.0,48.0,1.0,0.8958333333333334,0.75,1.0
Udinese,1,Serie A,away,5,3,4,35.0,58.0,84.0,0.4166666666666667,0.6904761904761905,0.8,0.6
Udinese,1,Serie A,home,6,6,5,100.0,96.0,100.0,1.0,0.96,0.8333333333333334,1.0
Udinese,2,Serie A,away,4,3,2,41.0,22.0,53.0,0.7735849056603774,0.41509433962264153,0.5,0.75
Udinese,2,Serie A,home,4,3,3,57.0,57.0,59.0,0.9661016949152542,0.9661016949152542,0.75,0.75
Udinese,all,Serie A,away,16,9,11,115.0,166.0,258.0,0.44573643410852715,0.6434108527131783,0.6875,0.5625
Udinese,all,Serie A,home,14,13,11,205.0,196.0,207.0,0.9903381642512077,0.9468599033816425,0.7857142857142857,0.9285714285714286
Union Berlin,0,Bundesliga,away,6,3,6,62.0,105.0,105.0,0.5904761904761905,1.0,1.0,0.5
Union Berlin,0,Bundesliga,home,4,4,2,43.0,8.0,43.0,1.0,0.18604651162790697,0.5,1.0
Union Berlin,1,Bundesliga,away,4,3,2,47.0,41.0,49.0,0.9591836734693877,0.8367346938775511,0.5,0.75
Union Berlin,1,Bundesliga,home,6,5,4,68.0,61.0,91.0,0.7472527472527473,0.6703296703296703,0.6666666666666666,0.8333333333333334
Union Berlin,2,Bundesliga,away,4,4,2,42.0,15.0,42.0,1.0,0.35714285714285715,0.5,1.0
Union Berlin,2,Bundesliga,home,4,3,2,55.0,29.0,76.0,0.7236842105263158,0.3815789473684211,0.5,0.75
Union Berlin,all,Bundesliga,away,14,10,10,151.0,161.0,196.0,0.7704081632653061,0.8214285714285714,0.7142857142857143,0.7142857142857143
Union Berlin,all,Bundesliga,home,14,12,8,166.0,98.0,210.0,0.7904761904761904,0.4666666666666667,0.5714285714285714,0.8571428571428571
Valencia,0,La Liga,away,6,2,6,28.0,99.0,99.0,0.2828282828282828,1.0,1.0,0.3333333333333333
Valencia,0,La Liga,home,5,3,3,60.0,37.0,75.0,0.8,0.49333333333333335,0.6,0.6
Valencia,1,La Liga,away,5,3,5,23.0,63.0,63.0,0.36507936507936506,1.0,1.0,0.6
Valencia,1,La Liga,home,6,5,3,72.0,69.0,102.0,0.7058823529411765,0.6764705882352942,0.5,0.8333333333333334
Valencia,2,La Liga,away,3,2,3,36.0,59.0,59.0,0.6101694915254238,1.0,1.0,0.6666666666666666
Valencia,2,La Liga,home,4,3,4,31.0,47.0,47.0,0.6595744680851063,1.0,1.0,0.75
Valencia,all,La Liga,away,14,7,14,87.0,221.0,221.0,0.3936651583710407,1.0,1.0,0.5
Valencia,all,La Liga,home,15,11,10,163.0,153.0,224.0,0.7276785714285714,0.6830357142857143,0.6666666666666666,0.7333333333333333
Valladolid,0,La Liga,away,7,3,6,74.0,116.0,137.0,0.5401459854014599,0.8467153284671532,0.8571428571428571,0.42857142857142855
Valladolid,0,La Liga,home,5,2,3,38.0,43.0,62.0,0.6129032258064516,0.6935483870967742,0.6,0.4
Valladolid,1,La Liga,away,5,2,5,7.0,59.0,59.0,0.11864406779661017,1.0,1.0,0.4
Valladolid,1,La Liga,home,4,2,3,39.0,56.0,78.0,0.5,0.717948717948718,0.75,0.5
Valladolid,2,La Liga,away,3,2,3,33.0,42.0,42.0,0.7857142857142857,1.0,1.0,0.6666666666666666
Valladolid,2,La Liga,home,5,4,3,61.0,44.0,67.0,0.9104477611940298,0.6567164179104478,0.6,0.8
Valladolid,all,La Liga,away,15,7,14,114.0,217.0,238.0,0.4789915966386555,0.9117647058823529,0.9333333333333333,0.4666666666666667
Valladolid,all,La Liga,home,14,8,9,138.0,143.0,207.0,0.6666666666666666,0.6908212560386473,0.6428571428571429,0.5714285714285714
Vallecano,0,La Liga,away,4,3,2,35.0,16.0,36.0,0.9722222222222222,0.4444444444444444,0.5,0.75
Vallecano,0,La Liga,home,5,3,4,58.0,76.0,101.0,0.5742574257425742,0.7524752475247525,0.8,0.6
Vallecano,1,La Liga,away,5,4,3,48.0,45.0,74.0,0.6486486486486487,0.6081081081081081,0.6,0.8
Vallecano,1,La Liga,home,5,3,4,80.0,83.0,97.0,0.8247422680412371,0.8556701030927835,0.8,0.6
Vallecano,2,La Liga,away,5,4,4,60.0,82.0,84.0,0.7142857142857143,0.9761904761904762,0.8,0.8
Vallecano,2,La Liga,home,5,4,3,44.0,23.0,53.0,0.8301886792452831,0.4339622641509434,0.6,0.8
Vallecano,all,La Liga,away,14,11,9,143.0,143.0,194.0,0.7371134020618557,0.7371134020618557,0.6428571428571429,0.7857142857142857
Vallecano,all,La Liga,home,15,10,11,182.0,182.0,251.0,0.7250996015936255,0.7250996015936255,0.7333333333333333,0.6666666666666666
Verona,0,Serie A,away,5,0,4,0.0,75.0,105.0,0.0,0.7142857142857143,0.8,0.0
Verona,0,Serie A,home,6,4,6,44.0,61.0,61.0,0.7213114754098361,1.0,1.0,0.6666666666666666
Verona,1,Serie A,away,7,5,7,53.0,73.0,73.0,0.726027397260274,1.0,1.0,0.7142857142857143
Verona,1,Serie A,home,4,3,4,63.0,87.0,87.0,0.7241379310344828,1.0,1.0,0.75
Verona,2,Serie A,away,3,2,2,36.0,36.0,61.0,0.5901639344262295,0.5901639344262295,0.6666666666666666,0.6666666666666666
Verona,2,Serie A,home,5,5,2,78.0,20.0,78.0,1.0,0.2564102564102564,0.4,1.0
Verona,all,Serie A,away,15,7,13,89.0,184.0,239.0,0.3723849372384937,0.7698744769874477,0.8666666666666667,0.4666666666666667
Verona,all,Serie A,home,15,12,12,185.0,168.0,226.0,0.8185840707964602,0.7433628318584071,0.8,0.8
Villarreal,0,La Liga,away,6,2,5,31.0,64.0,66.0,0.4696969696969697,0.9696969696969697,0.8333333333333334,0.3333333333333333
Villarreal,0,La Liga,home,4,3,3,70.0,64.0,92.0,0.7608695652173914,0.6956521739130435,0.75,0.75
Villarreal,1,La Liga,away,4,4,2,68.0,40.0,68.0,1.0,0.5882352941176471,0.5,1.0
Villarreal,1,La Liga,home,6,4,4,63.0,68.0,95.0,0.6631578947368421,0.7157894736842105,0.6666666666666666,0.6666666666666666
Villarreal,2,La Liga,away,5,3,1,60.0,21.0,70.0,0.8571428571428571,0.3,0.2,0.6
Villarreal,2,La Liga,home,4,4,3,54.0,50.0,54.0,1.0,0.9259259259259259,0.75,1.0
Villarreal,all,La Liga,away,15,9,8,159.0,125.0,204.0,0.7794117647058824,0.6127450980392157,0.5333333333333333,0.6
Villarreal,all,La Liga,home,14,11,10,187.0,182.0,241.0,0.7759336099585062,0.7551867219917012,0.7142857142857143,0.7857142857142857
Werder Bremen,0,Bundesliga,away,5,3,5,24.0,56.0,56.0,0.42857142857142855,1.0,1.0,0.6
Werder Bremen,0,Bundesliga,home,6,5,6,88.0,108.0,108.0,0.8148148148148148,1.0,1.0,0.8333333333333334
Werder Bremen,1,Bundesliga,away,6,6,6,101.0,101.0,101.0,1.0,1.0,1.0,1.0
Werder Bremen,1,Bundesliga,home,5,3,5,52.0,68.0,68.0,0.7647058823529411,1.0,1.0,0.6
Werder Bremen,2,Bundesliga,away,2,2,0,24.0,0.0,24.0,1.0,0.0,0.0,1.0
Werder Bremen,2,Bundesliga,home,4,4,2,49.0,15.0,49.0,1.0,0.30612244897959184,0.5,1.0
Werder Bremen,all,Bundesliga,away,13,11,11,149.0,157.0,181.0,0.8232044198895028,0.8674033149171271,0.8461538461538461,0.8461538461538461
Werder Bremen,all,Bundesliga,home,15,12,13,189.0,191.0,225.0,0.84,0.8488888888888889,0.8666666666666667,0.8
West Ham,0,Premier League,away,6,3,5,43.0,103.0,107.0,0.40186915887850466,0.9626168224299065,0.8333333333333334,0.5
West Ham,0,Premier League,home,6,4,6,94.0,98.0,98.0,0.9591836734693877,1.0,1.0,0.6666666666666666
West Ham,1,Premier League,away,4,2,3,37.0,38.0,69.0,0.5362318840579711,0.5507246376811594,0.75,0.5
West Ham,1,Premier League,home,6,5,4,70.0,66.0,88.0,0.7954545454545454,0.75,0.6666666666666666,0.8333333333333334
West Ham,2,Premier League,away,4,2,4,30.0,40.0,40.0,0.75,1.0,1.0,0.5
West Ham,2,Premier League,home,4,3,1,75.0,16.0,91.0,0.8241758241758241,0.17582417582417584,0.25,0.75
West Ham,all,Premier League,away,14,7,12,110.0,181.0,216.0,0.5092592592592593,0.8379629629629629,0.8571428571428571,0.5
West Ham,all,Premier League,home,16,12,11,239.0,180.0,277.0,0.8628158844765343,0.6498194945848376,0.6875,0.75
Wolfsburg,0,Bundesliga,away,5,2,4,17.0,24.0,30.0,0.5666666666666667,0.8,0.8,0.4
Wolfsburg,0,Bundesliga,home,7,5,4,96.0,87.0,145.0,0.6620689655172414,0.6,0.5714285714285714,0.7142857142857143
Wolfsburg,1,Bundesliga,away,6,5,4,77.0,69.0,104.0,0.7403846153846154,0.6634615384615384,0.6666666666666666,0.8333333333333334
Wolfsburg,1,Bundesliga,home,4,4,4,42.0,42.0,42.0,1.0,1.0,1.0,1.0
Wolfsburg,2,Bundesliga,away,3,2,0,42.0,0.0,62.0,0.6774193548387096,0.0,0.0,0.6666666666666666
Wolfsburg,2,Bundesliga,home,3,2,1,20.0,8.0,23.0,0.8695652173913043,0.34782608695652173,0.3333333333333333,0.6666666666666666
Wolfsburg,all,Bundesliga,away,14,9,8,136.0,93.0,196.0,0.6938775510204082,0.4744897959183674,0.5714285714285714,0.6428571428571429
Wolfsburg,all,Bundesliga,home,14,11,9,158.0,137.0,210.0,0.7523809523809524,0.6523809523809524,0.6428571428571429,0.7857142857142857
Wolves,0,Premier League,away,4,2,4,46.0,70.0,70.0,0.6571428571428571,1.0,1.0,0.5
Wolves,0,Premier League,home,6,3,5,45.0,61.0,87.0,0.5172413793103449,0.7011494252873564,0.8333333333333334,0.5
Wolves,1,Premier League,away,6,3,5,51.0,68.0,73.0,0.6986301369863014,0.9315068493150684,0.8333333333333334,0.5
Wolves,1,Premier League,home,5,3,1,85.0,24.0,111.0,0.7657657657657657,0.21621621621621623,0.2,0.6
Wolves,2,Premier League,away,5,4,5,70.0,79.0,79.0,0.8860759493670886,1.0,1.0,0.8
Wolves,2,Premier League,home,5,4,2,65.0,41.0,78.0,0.8333333333333334,0.5256410256410257,0.4,0.8
Wolves,all,Premier League,away,15,9,14,167.0,217.0,222.0,0.7522522522522522,0.9774774774774775,0.9333333333333333,0.6
Wolves,all,Premier League,home,16,10,8,195.0,126.0,276.0,0.7065217391304348,0.45652173913043476,0.5,0.625
