main_team,team_group,competition,away_home,n_matches,avg_win,avg_draw,avg_loss,win_streak_weighted,draw_streak_weighted,loss_streak_weighted,tot_giornata,win_streak_weighted_ratio,draw_streak_weighted_ratio,loss_streak_weighted_ratio
Almeria,0,La Liga,away,5,0.0,0.0,1.0,0.0,0.0,70.0,70.0,0.0,0.0,1.0
Almeria,0,La Liga,home,6,0.16666666666666666,0.16666666666666666,0.6666666666666666,24.0,17.0,64.0,105.0,0.22857142857142856,0.1619047619047619,0.6095238095238096
Almeria,1,La Liga,away,6,0.0,0.16666666666666666,0.8333333333333334,0.0,28.0,80.0,108.0,0.0,0.25925925925925924,0.7407407407407407
Almeria,1,La Liga,home,5,0.8,0.0,0.2,33.0,0.0,5.0,38.0,0.868421052631579,0.0,0.13157894736842105
Almeria,2,La Liga,away,3,0.0,1.0,0.0,0.0,35.0,0.0,35.0,0.0,1.0,0.0
Almeria,2,La Liga,home,4,0.75,0.25,0.0,62.0,27.0,0.0,89.0,0.6966292134831461,0.30337078651685395,0.0
Almeria,all,La Liga,away,14,0.0,0.2857142857142857,0.7142857142857143,0.0,63.0,150.0,213.0,0.0,0.29577464788732394,0.704225352112676
Almeria,all,La Liga,home,15,0.5333333333333333,0.13333333333333333,0.3333333333333333,119.0,44.0,69.0,232.0,0.5129310344827587,0.1896551724137931,0.2974137931034483
Arsenal,0,Premier League,away,4,0.75,0.0,0.25,62.0,0.0,6.0,68.0,0.9117647058823529,0.0,0.08823529411764706
Arsenal,0,Premier League,home,5,0.6,0.2,0.2,35.0,19.0,12.0,66.0,0.5303030303030303,0.2878787878787879,0.18181818181818182
Arsenal,1,Premier League,away,7,0.8571428571428571,0.14285714285714285,0.0,70.0,31.0,0.0,101.0,0.693069306930693,0.3069306930693069,0.0
Arsenal,1,Premier League,home,5,0.8,0.2,0.0,68.0,23.0,0.0,91.0,0.7472527472527473,0.25274725274725274,0.0
Arsenal,2,Premier League,away,5,0.4,0.4,0.2,36.0,45.0,22.0,103.0,0.34951456310679613,0.4368932038834951,0.21359223300970873
Arsenal,2,Premier League,home,5,1.0,0.0,0.0,69.0,0.0,0.0,69.0,1.0,0.0,0.0
Arsenal,all,Premier League,away,16,0.6875,0.1875,0.125,168.0,76.0,28.0,272.0,0.6176470588235294,0.27941176470588236,0.10294117647058823
Arsenal,all,Premier League,home,15,0.8,0.13333333333333333,0.06666666666666667,172.0,42.0,12.0,226.0,0.7610619469026548,0.18584070796460178,0.05309734513274336
Aston Villa,0,Premier League,away,5,0.4,0.0,0.6,34.0,0.0,42.0,76.0,0.4473684210526316,0.0,0.5526315789473685
Aston Villa,0,Premier League,home,4,0.5,0.25,0.25,47.0,6.0,24.0,77.0,0.6103896103896104,0.07792207792207792,0.3116883116883117
Aston Villa,1,Premier League,away,4,0.25,0.0,0.75,29.0,0.0,16.0,45.0,0.6444444444444445,0.0,0.35555555555555557
Aston Villa,1,Premier League,home,6,0.5,0.16666666666666666,0.3333333333333333,67.0,19.0,28.0,114.0,0.5877192982456141,0.16666666666666666,0.24561403508771928
Aston Villa,2,Premier League,away,6,0.5,0.5,0.0,53.0,46.0,0.0,99.0,0.5353535353535354,0.46464646464646464,0.0
Aston Villa,2,Premier League,home,6,0.6666666666666666,0.0,0.3333333333333333,61.0,0.0,26.0,87.0,0.7011494252873564,0.0,0.2988505747126437
Aston Villa,all,Premier League,away,15,0.4,0.2,0.4,116.0,46.0,58.0,220.0,0.5272727272727272,0.20909090909090908,0.2636363636363636
Aston Villa,all,Premier League,home,16,0.5625,0.125,0.3125,175.0,25.0,78.0,278.0,0.6294964028776978,0.08992805755395683,0.2805755395683453
Atalanta,0,Serie A,away,5,0.4,0.2,0.4,29.0,19.0,50.0,98.0,0.29591836734693877,0.19387755102040816,0.5102040816326531
Atalanta,0,Serie A,home,4,0.0,0.25,0.75,0.0,2.0,39.0,41.0,0.0,0.04878048780487805,0.9512195121951219
Atalanta,1,Serie A,away,6,0.5,0.3333333333333333,0.16666666666666666,34.0,39.0,21.0,94.0,0.3617021276595745,0.4148936170212766,0.22340425531914893
Atalanta,1,Serie A,home,6,0.6666666666666666,0.16666666666666666,0.16666666666666666,49.0,25.0,29.0,103.0,0.47572815533980584,0.24271844660194175,0.2815533980582524
Atalanta,2,Serie A,away,5,0.6,0.2,0.2,32.0,16.0,14.0,62.0,0.5161290322580645,0.25806451612903225,0.22580645161290322
Atalanta,2,Serie A,home,4,0.5,0.25,0.25,38.0,6.0,23.0,67.0,0.5671641791044776,0.08955223880597014,0.34328358208955223
Atalanta,all,Serie A,away,16,0.5,0.25,0.25,95.0,74.0,85.0,254.0,0.37401574803149606,0.29133858267716534,0.3346456692913386
Atalanta,all,Serie A,home,14,0.42857142857142855,0.21428571428571427,0.35714285714285715,87.0,33.0,91.0,211.0,0.41232227488151657,0.15639810426540285,0.4312796208530806
Ath Bilbao,0,La Liga,away,4,0.0,0.25,0.75,0.0,15.0,51.0,66.0,0.0,0.22727272727272727,0.7727272727272727
Ath Bilbao,0,La Liga,home,5,0.4,0.0,0.6,42.0,0.0,53.0,95.0,0.4421052631578947,0.0,0.5578947368421052
Ath Bilbao,1,La Liga,away,5,0.2,0.4,0.4,27.0,33.0,32.0,92.0,0.29347826086956524,0.358695652173913,0.34782608695652173
Ath Bilbao,1,La Liga,home,5,0.4,0.4,0.2,20.0,17.0,24.0,61.0,0.32786885245901637,0.2786885245901639,0.39344262295081966
Ath Bilbao,2,La Liga,away,5,0.8,0.2,0.0,59.0,10.0,0.0,69.0,0.855072463768116,0.14492753623188406,0.0
Ath Bilbao,2,La Liga,home,5,0.6,0.2,0.2,30.0,28.0,4.0,62.0,0.4838709677419355,0.45161290322580644,0.06451612903225806
Ath Bilbao,all,La Liga,away,14,0.35714285714285715,0.2857142857142857,0.35714285714285715,86.0,58.0,83.0,227.0,0.3788546255506608,0.2555066079295154,0.3656387665198238
Ath Bilbao,all,La Liga,home,15,0.4666666666666667,0.2,0.3333333333333333,92.0,45.0,81.0,218.0,0.42201834862385323,0.20642201834862386,0.37155963302752293
Ath Madrid,0,La Liga,away,4,0.5,0.5,0.0,20.0,28.0,0.0,48.0,0.4166666666666667,0.5833333333333334,0.0
Ath Madrid,0,La Liga,home,5,0.4,0.0,0.6,51.0,0.0,24.0,75.0,0.68,0.0,0.32
Ath Madrid,1,La Liga,away,6,0.8333333333333334,0.0,0.16666666666666666,103.0,0.0,14.0,117.0,0.8803418803418803,0.0,0.11965811965811966
Ath Madrid,1,La Liga,home,5,0.8,0.2,0.0,56.0,10.0,0.0,66.0,0.8484848484848485,0.15151515151515152,0.0
Ath Madrid,2,La Liga,away,4,0.5,0.25,0.25,4.0,17.0,12.0,33.0,0.12121212121212122,0.5151515151515151,0.36363636363636365
Ath Madrid,2,La Liga,home,5,0.6,0.4,0.0,72.0,34.0,0.0,106.0,0.6792452830188679,0.32075471698113206,0.0
Ath Madrid,all,La Liga,away,14,0.6428571428571429,0.21428571428571427,0.14285714285714285,127.0,45.0,26.0,198.0,0.6414141414141414,0.22727272727272727,0.13131313131313133
Ath Madrid,all,La Liga,home,15,0.6,0.2,0.2,179.0,44.0,24.0,247.0,0.7246963562753036,0.17813765182186234,0.09716599190283401
Augsburg,0,Bundesliga,away,6,0.16666666666666666,0.16666666666666666,0.6666666666666666,2.0,14.0,86.0,102.0,0.0196078431372549,0.13725490196078433,0.8431372549019608
Augsburg,0,Bundesliga,home,5,0.4,0.2,0.4,26.0,11.0,14.0,51.0,0.5098039215686274,0.21568627450980393,0.27450980392156865
Augsburg,1,Bundesliga,away,5,0.2,0.2,0.6,6.0,26.0,34.0,66.0,0.09090909090909091,0.3939393939393939,0.5151515151515151
Augsburg,1,Bundesliga,home,6,0.5,0.16666666666666666,0.3333333333333333,61.0,9.0,30.0,100.0,0.61,0.09,0.3
Augsburg,2,Bundesliga,away,3,0.3333333333333333,0.0,0.6666666666666666,8.0,0.0,34.0,42.0,0.19047619047619047,0.0,0.8095238095238095
Augsburg,2,Bundesliga,home,3,0.0,0.3333333333333333,0.6666666666666666,0.0,25.0,20.0,45.0,0.0,0.5555555555555556,0.4444444444444444
Augsburg,all,Bundesliga,away,14,0.21428571428571427,0.14285714285714285,0.6428571428571429,16.0,40.0,154.0,210.0,0.0761904761904762,0.19047619047619047,0.7333333333333333
Augsburg,all,Bundesliga,home,14,0.35714285714285715,0.21428571428571427,0.42857142857142855,87.0,45.0,64.0,196.0,0.44387755102040816,0.22959183673469388,0.32653061224489793
Barcelona,0,La Liga,away,6,0.8333333333333334,0.0,0.16666666666666666,86.0,0.0,9.0,95.0,0.9052631578947369,0.0,0.09473684210526316
Barcelona,0,La Liga,home,3,1.0,0.0,0.0,48.0,0.0,0.0,48.0,1.0,0.0,0.0
Barcelona,1,La Liga,away,4,1.0,0.0,0.0,44.0,0.0,0.0,44.0,1.0,0.0,0.0
Barcelona,1,La Liga,home,5,0.6,0.4,0.0,32.0,30.0,0.0,62.0,0.5161290322580645,0.4838709677419355,0.0
Barcelona,2,La Liga,away,5,0.6,0.2,0.2,45.0,30.0,24.0,99.0,0.45454545454545453,0.30303030303030304,0.24242424242424243
Barcelona,2,La Liga,home,6,0.8333333333333334,0.16666666666666666,0.0,85.0,15.0,0.0,100.0,0.85,0.15,0.0
Barcelona,all,La Liga,away,15,0.8,0.06666666666666667,0.13333333333333333,175.0,30.0,33.0,238.0,0.7352941176470589,0.12605042016806722,0.13865546218487396
Barcelona,all,La Liga,home,14,0.7857142857142857,0.21428571428571427,0.0,165.0,45.0,0.0,210.0,0.7857142857142857,0.21428571428571427,0.0
Bayern Munich,0,Bundesliga,away,6,0.3333333333333333,0.5,0.16666666666666666,28.0,30.0,25.0,83.0,0.3373493975903614,0.3614457831325301,0.30120481927710846
Bayern Munich,0,Bundesliga,home,5,0.8,0.2,0.0,66.0,18.0,0.0,84.0,0.7857142857142857,0.21428571428571427,0.0
Bayern Munich,1,Bundesliga,away,4,0.5,0.0,0.5,30.0,0.0,28.0,58.0,0.5172413793103449,0.0,0.4827586206896552
Bayern Munich,1,Bundesliga,home,7,0.5714285714285714,0.42857142857142855,0.0,52.0,49.0,0.0,101.0,0.5148514851485149,0.48514851485148514,0.0
Bayern Munich,2,Bundesliga,away,4,1.0,0.0,0.0,54.0,0.0,0.0,54.0,1.0,0.0,0.0
Bayern Munich,2,Bundesliga,home,2,0.5,0.5,0.0,20.0,6.0,0.0,26.0,0.7692307692307693,0.23076923076923078,0.0
Bayern Munich,all,Bundesliga,away,14,0.5714285714285714,0.21428571428571427,0.21428571428571427,112.0,30.0,53.0,195.0,0.5743589743589743,0.15384615384615385,0.2717948717948718
Bayern Munich,all,Bundesliga,home,14,0.6428571428571429,0.35714285714285715,0.0,138.0,73.0,0.0,211.0,0.6540284360189573,0.3459715639810427,0.0
Betis,0,La Liga,away,4,0.25,0.25,0.5,12.0,26.0,32.0,70.0,0.17142857142857143,0.37142857142857144,0.45714285714285713
Betis,0,La Liga,home,5,0.2,0.4,0.4,5.0,40.0,31.0,76.0,0.06578947368421052,0.5263157894736842,0.40789473684210525
Betis,1,La Liga,away,4,0.5,0.25,0.25,18.0,8.0,7.0,33.0,0.5454545454545454,0.24242424242424243,0.21212121212121213
Betis,1,La Liga,home,6,0.6666666666666666,0.16666666666666666,0.16666666666666666,59.0,13.0,21.0,93.0,0.6344086021505376,0.13978494623655913,0.22580645161290322
Betis,2,La Liga,away,6,0.5,0.16666666666666666,0.3333333333333333,65.0,10.0,32.0,107.0,0.6074766355140186,0.09345794392523364,0.29906542056074764
Betis,2,La Liga,home,4,0.75,0.0,0.25,40.0,0.0,29.0,69.0,0.5797101449275363,0.0,0.42028985507246375
Betis,all,La Liga,away,14,0.42857142857142855,0.21428571428571427,0.35714285714285715,95.0,44.0,71.0,210.0,0.4523809523809524,0.20952380952380953,0.3380952380952381
Betis,all,La Liga,home,15,0.5333333333333333,0.2,0.26666666666666666,104.0,53.0,81.0,238.0,0.4369747899159664,0.22268907563025211,0.3403361344537815
Bochum,0,Bundesliga,away,7,0.0,0.2857142857142857,0.7142857142857143,0.0,54.0,62.0,116.0,0.0,0.46551724137931033,0.5344827586206896
Bochum,0,Bundesliga,home,5,0.6,0.0,0.4,45.0,0.0,24.0,69.0,0.6521739130434783,0.0,0.34782608695652173
Bochum,1,Bundesliga,away,6,0.3333333333333333,0.0,0.6666666666666666,39.0,0.0,54.0,93.0,0.41935483870967744,0.0,0.5806451612903226
Bochum,1,Bundesliga,home,5,0.4,0.2,0.4,33.0,7.0,6.0,46.0,0.717391304347826,0.15217391304347827,0.13043478260869565
Bochum,2,Bundesliga,away,2,0.0,0.0,1.0,0.0,0.0,16.0,16.0,0.0,0.0,1.0
Bochum,2,Bundesliga,home,3,0.3333333333333333,0.0,0.6666666666666666,16.0,0.0,50.0,66.0,0.24242424242424243,0.0,0.7575757575757576
Bochum,all,Bundesliga,away,15,0.13333333333333333,0.13333333333333333,0.7333333333333333,39.0,54.0,132.0,225.0,0.17333333333333334,0.24,0.5866666666666667
Bochum,all,Bundesliga,home,13,0.46153846153846156,0.07692307692307693,0.46153846153846156,94.0,7.0,80.0,181.0,0.5193370165745856,0.03867403314917127,0.4419889502762431
Bologna,0,Serie A,away,7,0.14285714285714285,0.0,0.8571428571428571,29.0,0.0,52.0,81.0,0.35802469135802467,0.0,0.6419753086419753
Bologna,0,Serie A,home,4,0.25,0.5,0.25,24.0,56.0,17.0,97.0,0.24742268041237114,0.5773195876288659,0.17525773195876287
Bologna,1,Serie A,away,4,0.75,0.0,0.25,51.0,0.0,25.0,76.0,0.6710526315789473,0.0,0.32894736842105265
Bologna,1,Serie A,home,6,0.6666666666666666,0.0,0.3333333333333333,62.0,0.0,29.0,91.0,0.6813186813186813,0.0,0.31868131868131866
Bologna,2,Serie A,away,3,0.3333333333333333,0.6666666666666666,0.0,23.0,32.0,0.0,55.0,0.41818181818181815,0.5818181818181818,0.0
Bologna,2,Serie A,home,6,0.3333333333333333,0.6666666666666666,0.0,31.0,34.0,0.0,65.0,0.47692307692307695,0.5230769230769231,0.0
Bologna,all,Serie A,away,14,0.35714285714285715,0.14285714285714285,0.5,103.0,32.0,77.0,212.0,0.4858490566037736,0.1509433962264151,0.3632075471698113
Bologna,all,Serie A,home,16,0.4375,0.375,0.1875,117.0,90.0,46.0,253.0,0.4624505928853755,0.3557312252964427,0.18181818181818182
Bournemouth,0,Premier League,away,7,0.14285714285714285,0.14285714285714285,0.7142857142857143,32.0,8.0,97.0,137.0,0.23357664233576642,0.058394160583941604,0.708029197080292
Bournemouth,0,Premier League,home,6,0.16666666666666666,0.16666666666666666,0.6666666666666666,1.0,23.0,49.0,73.0,0.0136986301369863,0.3150684931506849,0.6712328767123288
Bournemouth,1,Premier League,away,5,0.2,0.2,0.6,24.0,11.0,41.0,76.0,0.3157894736842105,0.14473684210526316,0.5394736842105263
Bournemouth,1,Premier League,home,5,0.4,0.4,0.2,56.0,14.0,18.0,88.0,0.6363636363636364,0.1590909090909091,0.20454545454545456
Bournemouth,2,Premier League,away,4,0.5,0.0,0.5,37.0,0.0,28.0,65.0,0.5692307692307692,0.0,0.4307692307692308
Bournemouth,2,Premier League,home,4,0.5,0.25,0.25,26.0,21.0,12.0,59.0,0.4406779661016949,0.3559322033898305,0.2033898305084746
Bournemouth,all,Premier League,away,16,0.25,0.125,0.625,93.0,19.0,166.0,278.0,0.3345323741007194,0.0683453237410072,0.5971223021582733
Bournemouth,all,Premier League,home,15,0.3333333333333333,0.26666666666666666,0.4,83.0,58.0,79.0,220.0,0.37727272727272726,0.2636363636363636,0.35909090909090907
Brentford,0,Premier League,away,6,0.16666666666666666,0.3333333333333333,0.5,16.0,52.0,48.0,116.0,0.13793103448275862,0.4482758620689655,0.41379310344827586
Brentford,0,Premier League,home,5,0.4,0.2,0.4,13.0,17.0,39.0,69.0,0.18840579710144928,0.2463768115942029,0.5652173913043478
Brentford,1,Premier League,away,4,0.0,0.5,0.5,0.0,14.0,35.0,49.0,0.0,0.2857142857142857,0.7142857142857143
Brentford,1,Premier League,home,6,0.5,0.5,0.0,65.0,50.0,0.0,115.0,0.5652173913043478,0.43478260869565216,0.0
Brentford,2,Premier League,away,6,0.3333333333333333,0.5,0.16666666666666666,25.0,37.0,27.0,89.0,0.2808988764044944,0.4157303370786517,0.30337078651685395
Brentford,2,Premier League,home,4,0.5,0.5,0.0,28.0,32.0,0.0,60.0,0.4666666666666667,0.5333333333333333,0.0
Brentford,all,Premier League,away,16,0.1875,0.4375,0.375,41.0,103.0,110.0,254.0,0.16141732283464566,0.40551181102362205,0.4330708661417323
Brentford,all,Premier League,home,15,0.4666666666666667,0.4,0.13333333333333333,106.0,99.0,39.0,244.0,0.4344262295081967,0.4057377049180328,0.1598360655737705
Brighton,0,Premier League,away,3,0.3333333333333333,0.0,0.6666666666666666,1.0,0.0,44.0,45.0,0.022222222222222223,0.0,0.9777777777777777
Brighton,0,Premier League,home,4,0.0,0.25,0.75,0.0,2.0,44.0,46.0,0.0,0.043478260869565216,0.9565217391304348
Brighton,1,Premier League,away,7,0.42857142857142855,0.2857142857142857,0.2857142857142857,54.0,32.0,16.0,102.0,0.5294117647058824,0.3137254901960784,0.1568627450980392
Brighton,1,Premier League,home,6,0.6666666666666666,0.16666666666666666,0.16666666666666666,64.0,29.0,24.0,117.0,0.5470085470085471,0.24786324786324787,0.20512820512820512
Brighton,2,Premier League,away,5,0.6,0.4,0.0,39.0,48.0,0.0,87.0,0.4482758620689655,0.5517241379310345,0.0
Brighton,2,Premier League,home,4,0.75,0.25,0.0,36.0,12.0,0.0,48.0,0.75,0.25,0.0
Brighton,all,Premier League,away,15,0.4666666666666667,0.26666666666666666,0.26666666666666666,94.0,80.0,60.0,234.0,0.4017094017094017,0.3418803418803419,0.2564102564102564
Brighton,all,Premier League,home,14,0.5,0.21428571428571427,0.2857142857142857,100.0,43.0,68.0,211.0,0.47393364928909953,0.2037914691943128,0.3222748815165877
Cadiz,0,La Liga,away,5,0.2,0.2,0.6,29.0,25.0,58.0,112.0,0.25892857142857145,0.22321428571428573,0.5178571428571429
Cadiz,0,La Liga,home,7,0.14285714285714285,0.2857142857142857,0.5714285714285714,12.0,17.0,39.0,68.0,0.17647058823529413,0.25,0.5735294117647058
Cadiz,1,La Liga,away,6,0.16666666666666666,0.16666666666666666,0.6666666666666666,6.0,9.0,35.0,50.0,0.12,0.18,0.7
Cadiz,1,La Liga,home,4,0.75,0.0,0.25,65.0,0.0,28.0,93.0,0.6989247311827957,0.0,0.3010752688172043
Cadiz,2,La Liga,away,3,0.3333333333333333,0.6666666666666666,0.0,16.0,40.0,0.0,56.0,0.2857142857142857,0.7142857142857143,0.0
Cadiz,2,La Liga,home,4,0.0,1.0,0.0,0.0,66.0,0.0,66.0,0.0,1.0,0.0
Cadiz,all,La Liga,away,14,0.21428571428571427,0.2857142857142857,0.5,51.0,74.0,93.0,218.0,0.23394495412844038,0.3394495412844037,0.42660550458715596
Cadiz,all,La Liga,home,15,0.26666666666666666,0.4,0.3333333333333333,77.0,83.0,67.0,227.0,0.3392070484581498,0.3656387665198238,0.29515418502202645
Celta,0,La Liga,away,4,0.25,0.25,0.5,21.0,23.0,13.0,57.0,0.3684210526315789,0.40350877192982454,0.22807017543859648
Celta,0,La Liga,home,6,0.3333333333333333,0.16666666666666666,0.5,26.0,17.0,33.0,76.0,0.34210526315789475,0.2236842105263158,0.4342105263157895
Celta,1,La Liga,away,6,0.16666666666666666,0.5,0.3333333333333333,3.0,68.0,28.0,99.0,0.030303030303030304,0.6868686868686869,0.2828282828282828
Celta,1,La Liga,home,5,0.4,0.2,0.4,50.0,15.0,43.0,108.0,0.46296296296296297,0.1388888888888889,0.39814814814814814
Celta,2,La Liga,away,4,0.5,0.0,0.5,43.0,0.0,18.0,61.0,0.7049180327868853,0.0,0.29508196721311475
Celta,2,La Liga,home,4,0.25,0.75,0.0,4.0,40.0,0.0,44.0,0.09090909090909091,0.9090909090909091,0.0
Celta,all,La Liga,away,14,0.2857142857142857,0.2857142857142857,0.42857142857142855,67.0,91.0,59.0,217.0,0.3087557603686636,0.41935483870967744,0.271889400921659
Celta,all,La Liga,home,15,0.3333333333333333,0.3333333333333333,0.3333333333333333,80.0,72.0,76.0,228.0,0.3508771929824561,0.3157894736842105,0.3333333333333333
Chelsea,0,Premier League,away,4,0.25,0.0,0.75,11.0,0.0,55.0,66.0,0.16666666666666666,0.0,0.8333333333333334
Chelsea,0,Premier League,home,6,0.0,0.3333333333333333,0.6666666666666666,0.0,15.0,95.0,110.0,0.0,0.13636363636363635,0.8636363636363636
Chelsea,1,Premier League,away,5,0.2,0.4,0.4,9.0,33.0,38.0,80.0,0.1125,0.4125,0.475
Chelsea,1,Premier League,home,5,0.6,0.4,0.0,47.0,55.0,0.0,102.0,0.46078431372549017,0.5392156862745098,0.0
Chelsea,2,Premier League,away,6,0.3333333333333333,0.3333333333333333,0.3333333333333333,28.0,41.0,8.0,77.0,0.36363636363636365,0.5324675324675324,0.1038961038961039
Chelsea,2,Premier League,home,5,0.6,0.2,0.2,36.0,28.0,24.0,88.0,0.4090909090909091,0.3181818181818182,0.2727272727272727
Chelsea,all,Premier League,away,15,0.26666666666666666,0.26666666666666666,0.4666666666666667,48.0,74.0,101.0,223.0,0.21524663677130046,0.33183856502242154,0.452914798206278
Chelsea,all,Premier League,home,16,0.375,0.3125,0.3125,83.0,98.0,119.0,300.0,0.27666666666666667,0.32666666666666666,0.39666666666666667
Cremonese,0,Serie A,away,4,0.0,0.25,0.75,0.0,6.0,28.0,34.0,0.0,0.17647058823529413,0.8235294117647058
Cremonese,0,Serie A,home,7,0.14285714285714285,0.14285714285714285,0.7142857142857143,24.0,14.0,80.0,118.0,0.2033898305084746,0.11864406779661017,0.6779661016949152
Cremonese,1,Serie A,away,6,0.0,0.5,0.5,0.0,69.0,41.0,110.0,0.0,0.6272727272727273,0.37272727272727274
Cremonese,1,Serie A,home,6,0.16666666666666666,0.3333333333333333,0.5,30.0,17.0,47.0,94.0,0.3191489361702128,0.18085106382978725,0.5
Cremonese,2,Serie A,away,5,0.2,0.6,0.2,29.0,31.0,17.0,77.0,0.37662337662337664,0.4025974025974026,0.22077922077922077
Cremonese,2,Serie A,home,2,0.0,0.0,1.0,0.0,0.0,32.0,32.0,0.0,0.0,1.0
Cremonese,all,Serie A,away,15,0.06666666666666667,0.4666666666666667,0.4666666666666667,29.0,106.0,86.0,221.0,0.13122171945701358,0.4796380090497738,0.3891402714932127
Cremonese,all,Serie A,home,15,0.13333333333333333,0.2,0.6666666666666666,54.0,31.0,159.0,244.0,0.22131147540983606,0.12704918032786885,0.6516393442622951
Crystal Palace,0,Premier League,away,6,0.0,0.16666666666666666,0.8333333333333334,0.0,6.0,88.0,94.0,0.0,0.06382978723404255,0.9361702127659575
Crystal Palace,0,Premier League,home,7,0.14285714285714285,0.42857142857142855,0.42857142857142855,3.0,51.0,47.0,101.0,0.0297029702970297,0.504950495049505,0.46534653465346537
Crystal Palace,1,Premier League,away,4,0.25,0.5,0.25,18.0,26.0,20.0,64.0,0.28125,0.40625,0.3125
Crystal Palace,1,Premier League,home,5,0.2,0.4,0.4,12.0,30.0,26.0,68.0,0.17647058823529413,0.4411764705882353,0.38235294117647056
Crystal Palace,2,Premier League,away,6,0.5,0.16666666666666666,0.3333333333333333,78.0,11.0,29.0,118.0,0.6610169491525424,0.09322033898305085,0.2457627118644068
Crystal Palace,2,Premier League,home,3,1.0,0.0,0.0,53.0,0.0,0.0,53.0,1.0,0.0,0.0
Crystal Palace,all,Premier League,away,16,0.25,0.25,0.5,96.0,43.0,137.0,276.0,0.34782608695652173,0.15579710144927536,0.4963768115942029
Crystal Palace,all,Premier League,home,15,0.3333333333333333,0.3333333333333333,0.3333333333333333,68.0,81.0,73.0,222.0,0.3063063063063063,0.36486486486486486,0.32882882882882886
Dortmund,0,Bundesliga,away,6,0.5,0.0,0.5,32.0,0.0,42.0,74.0,0.43243243243243246,0.0,0.5675675675675675
Dortmund,0,Bundesliga,home,5,0.8,0.2,0.0,70.0,9.0,0.0,79.0,0.8860759493670886,0.11392405063291139,0.0
Dortmund,1,Bundesliga,away,6,0.5,0.0,0.5,59.0,0.0,37.0,96.0,0.6145833333333334,0.0,0.3854166666666667
Dortmund,1,Bundesliga,home,4,0.75,0.0,0.25,46.0,0.0,3.0,49.0,0.9387755102040817,0.0,0.061224489795918366
Dortmund,2,Bundesliga,away,3,0.3333333333333333,0.6666666666666666,0.0,4.0,52.0,0.0,56.0,0.07142857142857142,0.9285714285714286,0.0
Dortmund,2,Bundesliga,home,4,1.0,0.0,0.0,52.0,0.0,0.0,52.0,1.0,0.0,0.0
Dortmund,all,Bundesliga,away,15,0.4666666666666667,0.13333333333333333,0.4,95.0,52.0,79.0,226.0,0.42035398230088494,0.23008849557522124,0.3495575221238938
Dortmund,all,Bundesliga,home,13,0.8461538461538461,0.07692307692307693,0.07692307692307693,168.0,9.0,3.0,180.0,0.9333333333333333,0.05,0.016666666666666666
Ein Frankfurt,0,Bundesliga,away,5,0.0,0.4,0.6,0.0,35.0,74.0,109.0,0.0,0.3211009174311927,0.6788990825688074
Ein Frankfurt,0,Bundesliga,home,5,0.6,0.0,0.4,23.0,0.0,13.0,36.0,0.6388888888888888,0.0,0.3611111111111111
Ein Frankfurt,1,Bundesliga,away,6,0.5,0.3333333333333333,0.16666666666666666,28.0,38.0,20.0,86.0,0.32558139534883723,0.4418604651162791,0.23255813953488372
Ein Frankfurt,1,Bundesliga,home,5,0.4,0.4,0.2,35.0,31.0,6.0,72.0,0.4861111111111111,0.4305555555555556,0.08333333333333333
Ein Frankfurt,2,Bundesliga,away,3,0.3333333333333333,0.3333333333333333,0.3333333333333333,7.0,2.0,9.0,18.0,0.3888888888888889,0.1111111111111111,0.5
Ein Frankfurt,2,Bundesliga,home,4,0.5,0.5,0.0,35.0,50.0,0.0,85.0,0.4117647058823529,0.5882352941176471,0.0
Ein Frankfurt,all,Bundesliga,away,14,0.2857142857142857,0.35714285714285715,0.35714285714285715,35.0,75.0,103.0,213.0,0.1643192488262911,0.352112676056338,0.4835680751173709
Ein Frankfurt,all,Bundesliga,home,14,0.5,0.2857142857142857,0.21428571428571427,93.0,81.0,19.0,193.0,0.48186528497409326,0.41968911917098445,0.09844559585492228
Elche,0,La Liga,away,6,0.0,0.0,1.0,0.0,0.0,75.0,75.0,0.0,0.0,1.0
Elche,0,La Liga,home,6,0.16666666666666666,0.0,0.8333333333333334,21.0,0.0,70.0,91.0,0.23076923076923078,0.0,0.7692307692307693
Elche,1,La Liga,away,6,0.16666666666666666,0.0,0.8333333333333334,25.0,0.0,98.0,123.0,0.2032520325203252,0.0,0.7967479674796748
Elche,1,La Liga,home,5,0.0,0.6,0.4,0.0,52.0,30.0,82.0,0.0,0.6341463414634146,0.36585365853658536
Elche,2,La Liga,away,3,0.0,1.0,0.0,0.0,37.0,0.0,37.0,0.0,1.0,0.0
Elche,2,La Liga,home,3,0.0,0.3333333333333333,0.6666666666666666,0.0,2.0,35.0,37.0,0.0,0.05405405405405406,0.9459459459459459
Elche,all,La Liga,away,15,0.06666666666666667,0.2,0.7333333333333333,25.0,37.0,173.0,235.0,0.10638297872340426,0.1574468085106383,0.7361702127659574
Elche,all,La Liga,home,14,0.07142857142857142,0.2857142857142857,0.6428571428571429,21.0,54.0,135.0,210.0,0.1,0.2571428571428571,0.6428571428571429
Empoli,0,Serie A,away,7,0.14285714285714285,0.2857142857142857,0.5714285714285714,19.0,46.0,73.0,138.0,0.13768115942028986,0.3333333333333333,0.5289855072463768
Empoli,0,Serie A,home,4,0.0,0.0,1.0,0.0,0.0,50.0,50.0,0.0,0.0,1.0
Empoli,1,Serie A,away,5,0.2,0.6,0.2,7.0,48.0,25.0,80.0,0.0875,0.6,0.3125
Empoli,1,Serie A,home,5,0.4,0.4,0.2,23.0,22.0,26.0,71.0,0.323943661971831,0.30985915492957744,0.36619718309859156
Empoli,2,Serie A,away,4,0.0,0.5,0.5,0.0,8.0,31.0,39.0,0.0,0.20512820512820512,0.7948717948717948
Empoli,2,Serie A,home,5,0.6,0.4,0.0,61.0,26.0,0.0,87.0,0.7011494252873564,0.2988505747126437,0.0
Empoli,all,Serie A,away,16,0.125,0.4375,0.4375,26.0,102.0,129.0,257.0,0.10116731517509728,0.3968871595330739,0.5019455252918288
Empoli,all,Serie A,home,14,0.35714285714285715,0.2857142857142857,0.35714285714285715,84.0,48.0,76.0,208.0,0.40384615384615385,0.23076923076923078,0.36538461538461536
Espanol,0,La Liga,away,6,0.16666666666666666,0.3333333333333333,0.5,4.0,28.0,62.0,94.0,0.0425531914893617,0.2978723404255319,0.6595744680851063
Espanol,0,La Liga,home,5,0.2,0.0,0.8,18.0,0.0,68.0,86.0,0.20930232558139536,0.0,0.7906976744186046
Espanol,1,La Liga,away,5,0.0,0.4,0.6,0.0,13.0,63.0,76.0,0.0,0.17105263157894737,0.8289473684210527
Espanol,1,La Liga,home,7,0.2857142857142857,0.2857142857142857,0.42857142857142855,33.0,37.0,34.0,104.0,0.3173076923076923,0.3557692307692308,0.3269230769230769
Espanol,2,La Liga,away,4,0.5,0.25,0.25,40.0,8.0,19.0,67.0,0.5970149253731343,0.11940298507462686,0.2835820895522388
Espanol,2,La Liga,home,2,0.0,1.0,0.0,0.0,18.0,0.0,18.0,0.0,1.0,0.0
Espanol,all,La Liga,away,15,0.2,0.3333333333333333,0.4666666666666667,44.0,49.0,144.0,237.0,0.18565400843881857,0.20675105485232068,0.6075949367088608
Espanol,all,La Liga,home,14,0.21428571428571427,0.2857142857142857,0.5,51.0,55.0,102.0,208.0,0.24519230769230768,0.2644230769230769,0.49038461538461536
Everton,0,Premier League,away,6,0.0,0.16666666666666666,0.8333333333333334,0.0,18.0,63.0,81.0,0.0,0.2222222222222222,0.7777777777777778
Everton,0,Premier League,home,5,0.2,0.2,0.6,22.0,29.0,54.0,105.0,0.20952380952380953,0.2761904761904762,0.5142857142857142
Everton,1,Premier League,away,5,0.0,0.6,0.4,0.0,46.0,39.0,85.0,0.0,0.5411764705882353,0.4588235294117647
Everton,1,Premier League,home,6,0.3333333333333333,0.16666666666666666,0.5,40.0,6.0,50.0,96.0,0.4166666666666667,0.0625,0.5208333333333334
Everton,2,Premier League,away,4,0.25,0.5,0.25,9.0,31.0,21.0,61.0,0.14754098360655737,0.5081967213114754,0.3442622950819672
Everton,2,Premier League,home,5,0.4,0.2,0.4,32.0,3.0,35.0,70.0,0.45714285714285713,0.04285714285714286,0.5
Everton,all,Premier League,away,15,0.06666666666666667,0.4,0.5333333333333333,9.0,95.0,123.0,227.0,0.039647577092511016,0.4185022026431718,0.5418502202643172
Everton,all,Premier League,home,16,0.3125,0.1875,0.5,94.0,38.0,139.0,271.0,0.34686346863468637,0.14022140221402213,0.5129151291512916
FC Koln,0,Bundesliga,away,6,0.0,0.6666666666666666,0.3333333333333333,0.0,45.0,38.0,83.0,0.0,0.5421686746987951,0.4578313253012048
FC Koln,0,Bundesliga,home,5,0.4,0.2,0.4,28.0,19.0,20.0,67.0,0.417910447761194,0.2835820895522388,0.29850746268656714
FC Koln,1,Bundesliga,away,4,0.5,0.0,0.5,32.0,0.0,20.0,52.0,0.6153846153846154,0.0,0.38461538461538464
FC Koln,1,Bundesliga,home,6,0.3333333333333333,0.5,0.16666666666666666,26.0,66.0,22.0,114.0,0.22807017543859648,0.5789473684210527,0.19298245614035087
FC Koln,2,Bundesliga,away,4,0.0,0.5,0.5,0.0,25.0,36.0,61.0,0.0,0.4098360655737705,0.5901639344262295
FC Koln,2,Bundesliga,home,3,0.3333333333333333,0.3333333333333333,0.3333333333333333,1.0,4.0,24.0,29.0,0.034482758620689655,0.13793103448275862,0.8275862068965517
FC Koln,all,Bundesliga,away,14,0.14285714285714285,0.42857142857142855,0.42857142857142855,32.0,70.0,94.0,196.0,0.16326530612244897,0.35714285714285715,0.47959183673469385
FC Koln,all,Bundesliga,home,14,0.35714285714285715,0.35714285714285715,0.2857142857142857,55.0,89.0,66.0,210.0,0.2619047619047619,0.4238095238095238,0.3142857142857143
Fiorentina,0,Serie A,away,6,0.16666666666666666,0.16666666666666666,0.6666666666666666,28.0,20.0,63.0,111.0,0.25225225225225223,0.18018018018018017,0.5675675675675675
Fiorentina,0,Serie A,home,6,0.16666666666666666,0.5,0.3333333333333333,25.0,38.0,20.0,83.0,0.30120481927710846,0.4578313253012048,0.24096385542168675
Fiorentina,1,Serie A,away,3,0.0,0.3333333333333333,0.6666666666666666,0.0,2.0,10.0,12.0,0.0,0.16666666666666666,0.8333333333333334
Fiorentina,1,Serie A,home,5,0.2,0.4,0.4,17.0,39.0,40.0,96.0,0.17708333333333334,0.40625,0.4166666666666667
Fiorentina,2,Serie A,away,5,0.8,0.2,0.0,75.0,10.0,0.0,85.0,0.8823529411764706,0.11764705882352941,0.0
Fiorentina,2,Serie A,home,5,0.8,0.2,0.0,49.0,29.0,0.0,78.0,0.6282051282051282,0.3717948717948718,0.0
Fiorentina,all,Serie A,away,14,0.35714285714285715,0.21428571428571427,0.42857142857142855,103.0,32.0,73.0,208.0,0.4951923076923077,0.15384615384615385,0.35096153846153844
Fiorentina,all,Serie A,home,16,0.375,0.375,0.25,91.0,106.0,60.0,257.0,0.3540856031128405,0.41245136186770426,0.23346303501945526
Freiburg,0,Bundesliga,away,4,0.25,0.0,0.75,5.0,0.0,43.0,48.0,0.10416666666666667,0.0,0.8958333333333334
Freiburg,0,Bundesliga,home,5,0.2,0.4,0.4,15.0,39.0,29.0,83.0,0.18072289156626506,0.46987951807228917,0.3493975903614458
Freiburg,1,Bundesliga,away,6,0.3333333333333333,0.5,0.16666666666666666,29.0,55.0,16.0,100.0,0.29,0.55,0.16
Freiburg,1,Bundesliga,home,6,0.8333333333333334,0.16666666666666666,0.0,74.0,6.0,0.0,80.0,0.925,0.075,0.0
Freiburg,2,Bundesliga,away,4,0.75,0.25,0.0,36.0,9.0,0.0,45.0,0.8,0.2,0.0
Freiburg,2,Bundesliga,home,3,0.6666666666666666,0.3333333333333333,0.0,24.0,26.0,0.0,50.0,0.48,0.52,0.0
Freiburg,all,Bundesliga,away,14,0.42857142857142855,0.2857142857142857,0.2857142857142857,70.0,64.0,59.0,193.0,0.3626943005181347,0.3316062176165803,0.30569948186528495
Freiburg,all,Bundesliga,home,14,0.5714285714285714,0.2857142857142857,0.14285714285714285,113.0,71.0,29.0,213.0,0.5305164319248826,0.3333333333333333,0.13615023474178403
Fulham,0,Premier League,away,5,0.2,0.0,0.8,24.0,0.0,45.0,69.0,0.34782608695652173,0.0,0.6521739130434783
Fulham,0,Premier League,home,6,0.3333333333333333,0.0,0.6666666666666666,17.0,0.0,73.0,90.0,0.18888888888888888,0.0,0.8111111111111111
Fulham,1,Premier League,away,5,0.2,0.4,0.4,17.0,24.0,55.0,96.0,0.17708333333333334,0.25,0.5729166666666666
Fulham,1,Premier League,home,5,0.4,0.6,0.0,10.0,37.0,0.0,47.0,0.2127659574468085,0.7872340425531915,0.0
Fulham,2,Premier League,away,5,0.8,0.0,0.2,72.0,0.0,10.0,82.0,0.8780487804878049,0.0,0.12195121951219512
Fulham,2,Premier League,home,4,0.5,0.25,0.25,41.0,14.0,31.0,86.0,0.47674418604651164,0.16279069767441862,0.36046511627906974
Fulham,all,Premier League,away,15,0.4,0.13333333333333333,0.4666666666666667,113.0,24.0,110.0,247.0,0.4574898785425101,0.09716599190283401,0.44534412955465585
Fulham,all,Premier League,home,15,0.4,0.26666666666666666,0.3333333333333333,68.0,51.0,104.0,223.0,0.30493273542600896,0.22869955156950672,0.4663677130044843
Getafe,0,La Liga,away,5,0.0,0.4,0.6,0.0,49.0,71.0,120.0,0.0,0.4083333333333333,0.5916666666666667
Getafe,0,La Liga,home,7,0.14285714285714285,0.42857142857142855,0.42857142857142855,5.0,43.0,28.0,76.0,0.06578947368421052,0.5657894736842105,0.3684210526315789
Getafe,1,La Liga,away,5,0.2,0.4,0.4,6.0,20.0,18.0,44.0,0.13636363636363635,0.45454545454545453,0.4090909090909091
Getafe,1,La Liga,home,5,0.6,0.2,0.2,67.0,22.0,7.0,96.0,0.6979166666666666,0.22916666666666666,0.07291666666666667
Getafe,2,La Liga,away,4,0.25,0.25,0.5,12.0,26.0,18.0,56.0,0.21428571428571427,0.4642857142857143,0.32142857142857145
Getafe,2,La Liga,home,3,0.3333333333333333,0.3333333333333333,0.3333333333333333,23.0,13.0,17.0,53.0,0.4339622641509434,0.24528301886792453,0.32075471698113206
Getafe,all,La Liga,away,14,0.14285714285714285,0.35714285714285715,0.5,18.0,95.0,107.0,220.0,0.08181818181818182,0.4318181818181818,0.4863636363636364
Getafe,all,La Liga,home,15,0.3333333333333333,0.3333333333333333,0.3333333333333333,95.0,78.0,52.0,225.0,0.4222222222222222,0.3466666666666667,0.2311111111111111
Girona,0,La Liga,away,6,0.16666666666666666,0.3333333333333333,0.5,24.0,41.0,32.0,97.0,0.24742268041237114,0.422680412371134,0.32989690721649484
Girona,0,La Liga,home,4,0.25,0.0,0.75,13.0,0.0,52.0,65.0,0.2,0.0,0.8
Girona,1,La Liga,away,2,0.0,1.0,0.0,0.0,31.0,0.0,31.0,0.0,1.0,0.0
Girona,1,La Liga,home,5,0.4,0.4,0.2,22.0,26.0,3.0,51.0,0.43137254901960786,0.5098039215686274,0.058823529411764705
Girona,2,La Liga,away,6,0.16666666666666666,0.16666666666666666,0.6666666666666666,14.0,16.0,58.0,88.0,0.1590909090909091,0.18181818181818182,0.6590909090909091
Girona,2,La Liga,home,6,0.8333333333333334,0.16666666666666666,0.0,104.0,9.0,0.0,113.0,0.9203539823008849,0.07964601769911504,0.0
Girona,all,La Liga,away,14,0.14285714285714285,0.35714285714285715,0.5,38.0,88.0,90.0,216.0,0.17592592592592593,0.4074074074074074,0.4166666666666667
Girona,all,La Liga,home,15,0.5333333333333333,0.2,0.26666666666666666,139.0,35.0,55.0,229.0,0.6069868995633187,0.15283842794759825,0.24017467248908297
Hertha,0,Bundesliga,away,6,0.0,0.16666666666666666,0.8333333333333334,0.0,26.0,74.0,100.0,0.0,0.26,0.74
Hertha,0,Bundesliga,home,7,0.0,0.42857142857142855,0.5714285714285714,0.0,17.0,62.0,79.0,0.0,0.21518987341772153,0.7848101265822784
Hertha,1,Bundesliga,away,5,0.2,0.2,0.6,5.0,7.0,40.0,52.0,0.09615384615384616,0.1346153846153846,0.7692307692307693
Hertha,1,Bundesliga,home,6,0.5,0.3333333333333333,0.16666666666666666,57.0,32.0,17.0,106.0,0.5377358490566038,0.3018867924528302,0.16037735849056603
Hertha,2,Bundesliga,away,3,0.0,0.0,1.0,0.0,0.0,58.0,58.0,0.0,0.0,1.0
Hertha,2,Bundesliga,home,1,1.0,0.0,0.0,11.0,0.0,0.0,11.0,1.0,0.0,0.0
Hertha,all,Bundesliga,away,14,0.07142857142857142,0.14285714285714285,0.7857142857142857,5.0,33.0,172.0,210.0,0.023809523809523808,0.15714285714285714,0.819047619047619
Hertha,all,Bundesliga,home,14,0.2857142857142857,0.35714285714285715,0.35714285714285715,68.0,49.0,79.0,196.0,0.3469387755102041,0.25,0.4030612244897959
Hoffenheim,0,Bundesliga,away,6,0.16666666666666666,0.16666666666666666,0.6666666666666666,3.0,28.0,59.0,90.0,0.03333333333333333,0.3111111111111111,0.6555555555555556
Hoffenheim,0,Bundesliga,home,5,0.0,0.2,0.8,0.0,7.0,66.0,73.0,0.0,0.0958904109589041,0.9041095890410958
Hoffenheim,1,Bundesliga,away,5,0.2,0.2,0.6,26.0,12.0,45.0,83.0,0.3132530120481928,0.14457831325301204,0.5421686746987951
Hoffenheim,1,Bundesliga,home,5,0.4,0.0,0.6,10.0,0.0,42.0,52.0,0.19230769230769232,0.0,0.8076923076923077
Hoffenheim,2,Bundesliga,away,3,0.3333333333333333,0.3333333333333333,0.3333333333333333,10.0,8.0,19.0,37.0,0.2702702702702703,0.21621621621621623,0.5135135135135135
Hoffenheim,2,Bundesliga,home,4,0.75,0.25,0.0,54.0,17.0,0.0,71.0,0.7605633802816901,0.23943661971830985,0.0
Hoffenheim,all,Bundesliga,away,14,0.21428571428571427,0.21428571428571427,0.5714285714285714,39.0,48.0,123.0,210.0,0.18571428571428572,0.22857142857142856,0.5857142857142857
Hoffenheim,all,Bundesliga,home,14,0.35714285714285715,0.14285714285714285,0.5,64.0,24.0,108.0,196.0,0.32653061224489793,0.12244897959183673,0.5510204081632653
Inter,0,Serie A,away,4,0.25,0.0,0.75,15.0,0.0,21.0,36.0,0.4166666666666667,0.0,0.5833333333333334
Inter,0,Serie A,home,4,0.5,0.0,0.5,37.0,0.0,35.0,72.0,0.5138888888888888,0.0,0.4861111111111111
Inter,1,Serie A,away,5,0.4,0.2,0.4,20.0,17.0,31.0,68.0,0.29411764705882354,0.25,0.45588235294117646
Inter,1,Serie A,home,6,0.5,0.0,0.5,43.0,0.0,77.0,120.0,0.35833333333333334,0.0,0.6416666666666667
Inter,2,Serie A,away,5,0.4,0.4,0.2,21.0,51.0,26.0,98.0,0.21428571428571427,0.5204081632653061,0.2653061224489796
Inter,2,Serie A,home,6,1.0,0.0,0.0,71.0,0.0,0.0,71.0,1.0,0.0,0.0
Inter,all,Serie A,away,14,0.35714285714285715,0.21428571428571427,0.42857142857142855,56.0,68.0,78.0,202.0,0.27722772277227725,0.33663366336633666,0.38613861386138615
Inter,all,Serie A,home,16,0.6875,0.0,0.3125,151.0,0.0,112.0,263.0,0.5741444866920152,0.0,0.42585551330798477
Juventus,0,Serie A,away,5,0.2,0.0,0.8,27.0,0.0,81.0,108.0,0.25,0.0,0.75
Juventus,0,Serie A,home,4,0.5,0.5,0.0,28.0,22.0,0.0,50.0,0.56,0.44,0.0
Juventus,1,Serie A,away,4,0.25,0.25,0.5,10.0,5.0,37.0,52.0,0.19230769230769232,0.09615384615384616,0.7115384615384616
Juventus,1,Serie A,home,7,0.8571428571428571,0.0,0.14285714285714285,83.0,0.0,20.0,103.0,0.8058252427184466,0.0,0.1941747572815534
Juventus,2,Serie A,away,6,0.8333333333333334,0.16666666666666666,0.0,86.0,2.0,0.0,88.0,0.9772727272727273,0.022727272727272728,0.0
Juventus,2,Serie A,home,4,0.75,0.25,0.0,58.0,6.0,0.0,64.0,0.90625,0.09375,0.0
Juventus,all,Serie A,away,15,0.4666666666666667,0.13333333333333333,0.4,123.0,7.0,118.0,248.0,0.4959677419354839,0.028225806451612902,0.47580645161290325
Juventus,all,Serie A,home,15,0.7333333333333333,0.2,0.06666666666666667,169.0,28.0,20.0,217.0,0.7788018433179723,0.12903225806451613,0.09216589861751152
Lazio,0,Serie A,away,4,0.75,0.0,0.25,49.0,0.0,15.0,64.0,0.765625,0.0,0.234375
Lazio,0,Serie A,home,6,0.6666666666666666,0.0,0.3333333333333333,78.0,0.0,27.0,105.0,0.7428571428571429,0.0,0.2571428571428571
Lazio,1,Serie A,away,5,0.6,0.4,0.0,55.0,28.0,0.0,83.0,0.6626506024096386,0.3373493975903614,0.0
Lazio,1,Serie A,home,5,0.4,0.6,0.0,15.0,47.0,0.0,62.0,0.24193548387096775,0.7580645161290323,0.0
Lazio,2,Serie A,away,6,0.5,0.3333333333333333,0.16666666666666666,60.0,25.0,16.0,101.0,0.594059405940594,0.24752475247524752,0.15841584158415842
Lazio,2,Serie A,home,4,0.75,0.0,0.25,38.0,0.0,12.0,50.0,0.76,0.0,0.24
Lazio,all,Serie A,away,15,0.6,0.26666666666666666,0.13333333333333333,164.0,53.0,31.0,248.0,0.6612903225806451,0.21370967741935484,0.125
Lazio,all,Serie A,home,15,0.6,0.2,0.2,131.0,47.0,39.0,217.0,0.6036866359447005,0.21658986175115208,0.17972350230414746
Lecce,0,Serie A,away,4,0.25,0.25,0.5,23.0,4.0,34.0,61.0,0.3770491803278688,0.06557377049180328,0.5573770491803278
Lecce,0,Serie A,home,7,0.2857142857142857,0.2857142857142857,0.42857142857142855,30.0,40.0,42.0,112.0,0.26785714285714285,0.35714285714285715,0.375
Lecce,1,Serie A,away,6,0.0,0.16666666666666666,0.8333333333333334,0.0,13.0,73.0,86.0,0.0,0.1511627906976744,0.8488372093023255
Lecce,1,Serie A,home,5,0.0,0.6,0.4,0.0,19.0,50.0,69.0,0.0,0.2753623188405797,0.7246376811594203
Lecce,2,Serie A,away,5,0.6,0.2,0.2,43.0,17.0,19.0,79.0,0.5443037974683544,0.21518987341772153,0.24050632911392406
Lecce,2,Serie A,home,3,0.0,0.6666666666666666,0.3333333333333333,0.0,38.0,20.0,58.0,0.0,0.6551724137931034,0.3448275862068966
Lecce,all,Serie A,away,15,0.26666666666666666,0.2,0.5333333333333333,66.0,34.0,126.0,226.0,0.2920353982300885,0.1504424778761062,0.5575221238938053
Lecce,all,Serie A,home,15,0.13333333333333333,0.4666666666666667,0.4,30.0,97.0,112.0,239.0,0.12552301255230125,0.40585774058577406,0.4686192468619247
Leeds,0,Premier League,away,6,0.0,0.3333333333333333,0.6666666666666666,0.0,26.0,69.0,95.0,0.0,0.2736842105263158,0.7263157894736842
Leeds,0,Premier League,home,5,0.0,0.4,0.6,0.0,36.0,51.0,87.0,0.0,0.41379310344827586,0.5862068965517241
Leeds,1,Premier League,away,5,0.4,0.0,0.6,42.0,0.0,42.0,84.0,0.5,0.0,0.5
Leeds,1,Premier League,home,7,0.42857142857142855,0.14285714285714285,0.42857142857142855,19.0,21.0,76.0,116.0,0.16379310344827586,0.1810344827586207,0.6551724137931034
Leeds,2,Premier League,away,4,0.0,0.25,0.75,0.0,2.0,58.0,60.0,0.0,0.03333333333333333,0.9666666666666667
Leeds,2,Premier League,home,4,0.5,0.5,0.0,32.0,24.0,0.0,56.0,0.5714285714285714,0.42857142857142855,0.0
Leeds,all,Premier League,away,15,0.13333333333333333,0.2,0.6666666666666666,42.0,28.0,169.0,239.0,0.17573221757322174,0.11715481171548117,0.7071129707112971
Leeds,all,Premier League,home,16,0.3125,0.3125,0.375,51.0,81.0,127.0,259.0,0.1969111969111969,0.3127413127413127,0.49034749034749037
Leicester,0,Premier League,away,6,0.16666666666666666,0.0,0.8333333333333334,22.0,0.0,72.0,94.0,0.23404255319148937,0.0,0.7659574468085106
Leicester,0,Premier League,home,7,0.14285714285714285,0.14285714285714285,0.7142857142857143,23.0,21.0,68.0,112.0,0.20535714285714285,0.1875,0.6071428571428571
Leicester,1,Premier League,away,6,0.16666666666666666,0.16666666666666666,0.6666666666666666,13.0,28.0,61.0,102.0,0.12745098039215685,0.27450980392156865,0.5980392156862745
Leicester,1,Premier League,home,5,0.0,0.4,0.6,0.0,12.0,77.0,89.0,0.0,0.1348314606741573,0.8651685393258427
Leicester,2,Premier League,away,4,0.5,0.0,0.5,31.0,0.0,46.0,77.0,0.4025974025974026,0.0,0.5974025974025974
Leicester,2,Premier League,home,3,0.6666666666666666,0.0,0.3333333333333333,21.0,0.0,3.0,24.0,0.875,0.0,0.125
Leicester,all,Premier League,away,16,0.25,0.0625,0.6875,66.0,28.0,179.0,273.0,0.24175824175824176,0.10256410256410256,0.6556776556776557
Leicester,all,Premier League,home,15,0.2,0.2,0.6,44.0,33.0,148.0,225.0,0.19555555555555557,0.14666666666666667,0.6577777777777778
Leverkusen,0,Bundesliga,away,5,0.0,0.2,0.8,0.0,22.0,31.0,53.0,0.0,0.41509433962264153,0.5849056603773585
Leverkusen,0,Bundesliga,home,5,0.6,0.0,0.4,65.0,0.0,23.0,88.0,0.7386363636363636,0.0,0.26136363636363635
Leverkusen,1,Bundesliga,away,7,0.7142857142857143,0.14285714285714285,0.14285714285714285,78.0,28.0,19.0,125.0,0.624,0.224,0.152
Leverkusen,1,Bundesliga,home,5,0.0,0.4,0.6,0.0,18.0,26.0,44.0,0.0,0.4090909090909091,0.5909090909090909
Leverkusen,2,Bundesliga,away,2,0.5,0.5,0.0,26.0,6.0,0.0,32.0,0.8125,0.1875,0.0
Leverkusen,2,Bundesliga,home,4,1.0,0.0,0.0,64.0,0.0,0.0,64.0,1.0,0.0,0.0
Leverkusen,all,Bundesliga,away,14,0.42857142857142855,0.21428571428571427,0.35714285714285715,104.0,56.0,50.0,210.0,0.49523809523809526,0.26666666666666666,0.23809523809523808
Leverkusen,all,Bundesliga,home,14,0.5,0.14285714285714285,0.35714285714285715,129.0,18.0,49.0,196.0,0.6581632653061225,0.09183673469387756,0.25
Liverpool,0,Premier League,away,7,0.42857142857142855,0.0,0.5714285714285714,56.0,0.0,62.0,118.0,0.4745762711864407,0.0,0.5254237288135594
Liverpool,0,Premier League,home,5,0.6,0.4,0.0,42.0,40.0,0.0,82.0,0.5121951219512195,0.4878048780487805,0.0
Liverpool,1,Premier League,away,6,0.0,0.5,0.5,0.0,59.0,68.0,127.0,0.0,0.4645669291338583,0.5354330708661418
Liverpool,1,Premier League,home,4,0.5,0.5,0.0,11.0,23.0,0.0,34.0,0.3235294117647059,0.6764705882352942,0.0
Liverpool,2,Premier League,away,3,0.3333333333333333,0.3333333333333333,0.3333333333333333,32.0,6.0,13.0,51.0,0.6274509803921569,0.11764705882352941,0.2549019607843137
Liverpool,2,Premier League,home,5,0.8,0.0,0.2,69.0,0.0,14.0,83.0,0.8313253012048193,0.0,0.1686746987951807
Liverpool,all,Premier League,away,16,0.25,0.25,0.5,88.0,65.0,143.0,296.0,0.2972972972972973,0.2195945945945946,0.4831081081081081
Liverpool,all,Premier League,home,14,0.6428571428571429,0.2857142857142857,0.07142857142857142,122.0,63.0,14.0,199.0,0.6130653266331658,0.3165829145728643,0.07035175879396985
M'gladbach,0,Bundesliga,away,5,0.0,0.6,0.4,0.0,38.0,36.0,74.0,0.0,0.5135135135135135,0.4864864864864865
M'gladbach,0,Bundesliga,home,6,0.5,0.16666666666666666,0.3333333333333333,43.0,23.0,27.0,93.0,0.46236559139784944,0.24731182795698925,0.2903225806451613
M'gladbach,1,Bundesliga,away,6,0.16666666666666666,0.3333333333333333,0.5,18.0,36.0,47.0,101.0,0.1782178217821782,0.3564356435643564,0.46534653465346537
M'gladbach,1,Bundesliga,home,5,0.6,0.2,0.2,37.0,25.0,5.0,67.0,0.5522388059701493,0.373134328358209,0.07462686567164178
M'gladbach,2,Bundesliga,away,3,0.0,0.3333333333333333,0.6666666666666666,0.0,2.0,34.0,36.0,0.0,0.05555555555555555,0.9444444444444444
M'gladbach,2,Bundesliga,home,3,0.6666666666666666,0.3333333333333333,0.0,16.0,19.0,0.0,35.0,0.45714285714285713,0.5428571428571428,0.0
M'gladbach,all,Bundesliga,away,14,0.07142857142857142,0.42857142857142855,0.5,18.0,76.0,117.0,211.0,0.08530805687203792,0.36018957345971564,0.5545023696682464
M'gladbach,all,Bundesliga,home,14,0.5714285714285714,0.21428571428571427,0.21428571428571427,96.0,67.0,32.0,195.0,0.49230769230769234,0.3435897435897436,0.1641025641025641
Mainz,0,Bundesliga,away,5,0.4,0.0,0.6,47.0,0.0,39.0,86.0,0.5465116279069767,0.0,0.45348837209302323
Mainz,0,Bundesliga,home,6,0.0,0.6666666666666666,0.3333333333333333,0.0,51.0,21.0,72.0,0.0,0.7083333333333334,0.2916666666666667
Mainz,1,Bundesliga,away,5,0.6,0.2,0.2,18.0,28.0,6.0,52.0,0.34615384615384615,0.5384615384615384,0.11538461538461539
Mainz,1,Bundesliga,home,6,0.6666666666666666,0.16666666666666666,0.16666666666666666,76.0,27.0,13.0,116.0,0.6551724137931034,0.23275862068965517,0.11206896551724138
Mainz,2,Bundesliga,away,4,0.25,0.5,0.25,1.0,40.0,14.0,55.0,0.01818181818181818,0.7272727272727273,0.2545454545454545
Mainz,2,Bundesliga,home,2,0.5,0.5,0.0,18.0,7.0,0.0,25.0,0.72,0.28,0.0
Mainz,all,Bundesliga,away,14,0.42857142857142855,0.21428571428571427,0.35714285714285715,66.0,68.0,59.0,193.0,0.34196891191709844,0.35233160621761656,0.30569948186528495
Mainz,all,Bundesliga,home,14,0.35714285714285715,0.42857142857142855,0.21428571428571427,94.0,85.0,34.0,213.0,0.4413145539906103,0.39906103286384975,0.1596244131455399
Mallorca,0,La Liga,away,5,0.2,0.2,0.6,13.0,1.0,42.0,56.0,0.23214285714285715,0.017857142857142856,0.75
Mallorca,0,La Liga,home,6,0.5,0.16666666666666666,0.3333333333333333,58.0,26.0,9.0,93.0,0.6236559139784946,0.27956989247311825,0.0967741935483871
Mallorca,1,La Liga,away,5,0.4,0.2,0.4,33.0,29.0,39.0,101.0,0.32673267326732675,0.2871287128712871,0.38613861386138615
Mallorca,1,La Liga,home,5,0.4,0.4,0.2,34.0,32.0,9.0,75.0,0.4533333333333333,0.4266666666666667,0.12
Mallorca,2,La Liga,away,5,0.2,0.2,0.6,11.0,8.0,58.0,77.0,0.14285714285714285,0.1038961038961039,0.7532467532467533
Mallorca,2,La Liga,home,3,0.3333333333333333,0.3333333333333333,0.3333333333333333,6.0,12.0,25.0,43.0,0.13953488372093023,0.27906976744186046,0.5813953488372093
Mallorca,all,La Liga,away,15,0.26666666666666666,0.2,0.5333333333333333,57.0,38.0,139.0,234.0,0.24358974358974358,0.1623931623931624,0.594017094017094
Mallorca,all,La Liga,home,14,0.42857142857142855,0.2857142857142857,0.2857142857142857,98.0,70.0,43.0,211.0,0.46445497630331756,0.33175355450236965,0.2037914691943128
Man City,0,Premier League,away,5,0.2,0.4,0.4,12.0,9.0,42.0,63.0,0.19047619047619047,0.14285714285714285,0.6666666666666666
Man City,0,Premier League,home,5,1.0,0.0,0.0,78.0,0.0,0.0,78.0,1.0,0.0,0.0
Man City,1,Premier League,away,5,0.8,0.0,0.2,79.0,0.0,11.0,90.0,0.8777777777777778,0.0,0.12222222222222222
Man City,1,Premier League,home,6,0.8333333333333334,0.0,0.16666666666666666,71.0,0.0,16.0,87.0,0.8160919540229885,0.0,0.1839080459770115
Man City,2,Premier League,away,5,0.8,0.2,0.0,63.0,24.0,0.0,87.0,0.7241379310344828,0.27586206896551724,0.0
Man City,2,Premier League,home,4,0.75,0.25,0.0,47.0,18.0,0.0,65.0,0.7230769230769231,0.27692307692307694,0.0
Man City,all,Premier League,away,15,0.6,0.2,0.2,154.0,33.0,53.0,240.0,0.6416666666666667,0.1375,0.22083333333333333
Man City,all,Premier League,home,15,0.8666666666666667,0.06666666666666667,0.06666666666666667,196.0,18.0,16.0,230.0,0.8521739130434782,0.0782608695652174,0.06956521739130435
Man United,0,Premier League,away,4,0.0,0.0,1.0,0.0,0.0,74.0,74.0,0.0,0.0,1.0
Man United,0,Premier League,home,5,0.6,0.2,0.2,38.0,11.0,1.0,50.0,0.76,0.22,0.02
Man United,1,Premier League,away,6,0.3333333333333333,0.3333333333333333,0.3333333333333333,34.0,20.0,28.0,82.0,0.4146341463414634,0.24390243902439024,0.34146341463414637
Man United,1,Premier League,home,4,1.0,0.0,0.0,69.0,0.0,0.0,69.0,1.0,0.0,0.0
Man United,2,Premier League,away,5,1.0,0.0,0.0,74.0,0.0,0.0,74.0,1.0,0.0,0.0
Man United,2,Premier League,home,6,0.6666666666666666,0.3333333333333333,0.0,86.0,35.0,0.0,121.0,0.7107438016528925,0.2892561983471074,0.0
Man United,all,Premier League,away,15,0.4666666666666667,0.13333333333333333,0.4,108.0,20.0,102.0,230.0,0.46956521739130436,0.08695652173913043,0.4434782608695652
Man United,all,Premier League,home,15,0.7333333333333333,0.2,0.06666666666666667,193.0,46.0,1.0,240.0,0.8041666666666667,0.19166666666666668,0.004166666666666667
Milan,0,Serie A,away,4,0.25,0.25,0.5,28.0,2.0,40.0,70.0,0.4,0.02857142857142857,0.5714285714285714
Milan,0,Serie A,home,5,0.6,0.2,0.2,38.0,17.0,7.0,62.0,0.6129032258064516,0.27419354838709675,0.11290322580645161
Milan,1,Serie A,away,7,0.2857142857142857,0.2857142857142857,0.42857142857142855,31.0,34.0,64.0,129.0,0.24031007751937986,0.26356589147286824,0.49612403100775193
Milan,1,Serie A,home,7,0.7142857142857143,0.14285714285714285,0.14285714285714285,52.0,29.0,20.0,101.0,0.5148514851485149,0.2871287128712871,0.19801980198019803
Milan,2,Serie A,away,5,0.6,0.4,0.0,32.0,32.0,0.0,64.0,0.5,0.5,0.0
Milan,2,Serie A,home,2,0.5,0.5,0.0,13.0,26.0,0.0,39.0,0.3333333333333333,0.6666666666666666,0.0
Milan,all,Serie A,away,16,0.375,0.3125,0.3125,91.0,68.0,104.0,263.0,0.34600760456273766,0.2585551330798479,0.39543726235741444
Milan,all,Serie A,home,14,0.6428571428571429,0.21428571428571427,0.14285714285714285,103.0,72.0,27.0,202.0,0.5099009900990099,0.3564356435643564,0.13366336633663367
Monza,0,Serie A,away,6,0.3333333333333333,0.0,0.6666666666666666,50.0,0.0,31.0,81.0,0.6172839506172839,0.0,0.38271604938271603
Monza,0,Serie A,home,5,0.2,0.2,0.6,7.0,17.0,56.0,80.0,0.0875,0.2125,0.7
Monza,1,Serie A,away,4,0.25,0.5,0.25,22.0,45.0,10.0,77.0,0.2857142857142857,0.5844155844155844,0.12987012987012986
Monza,1,Serie A,home,5,0.2,0.2,0.6,25.0,19.0,16.0,60.0,0.4166666666666667,0.31666666666666665,0.26666666666666666
Monza,2,Serie A,away,5,0.4,0.4,0.2,26.0,32.0,24.0,82.0,0.3170731707317073,0.3902439024390244,0.2926829268292683
Monza,2,Serie A,home,5,0.6,0.4,0.0,37.0,48.0,0.0,85.0,0.43529411764705883,0.5647058823529412,0.0
Monza,all,Serie A,away,15,0.3333333333333333,0.26666666666666666,0.4,98.0,77.0,65.0,240.0,0.4083333333333333,0.32083333333333336,0.2708333333333333
Monza,all,Serie A,home,15,0.3333333333333333,0.26666666666666666,0.4,69.0,84.0,72.0,225.0,0.30666666666666664,0.37333333333333335,0.32
Napoli,0,Serie A,away,5,0.8,0.0,0.2,36.0,0.0,16.0,52.0,0.6923076923076923,0.0,0.3076923076923077
Napoli,0,Serie A,home,5,0.6,0.0,0.4,64.0,0.0,53.0,117.0,0.5470085470085471,0.0,0.452991452991453
Napoli,1,Serie A,away,4,0.75,0.25,0.0,74.0,3.0,0.0,77.0,0.961038961038961,0.03896103896103896,0.0
Napoli,1,Serie A,home,6,1.0,0.0,0.0,61.0,0.0,0.0,61.0,1.0,0.0,0.0
Napoli,2,Serie A,away,6,1.0,0.0,0.0,96.0,0.0,0.0,96.0,1.0,0.0,0.0
Napoli,2,Serie A,home,4,0.5,0.5,0.0,28.0,34.0,0.0,62.0,0.45161290322580644,0.5483870967741935,0.0
Napoli,all,Serie A,away,15,0.8666666666666667,0.06666666666666667,0.06666666666666667,206.0,3.0,16.0,225.0,0.9155555555555556,0.013333333333333334,0.07111111111111111
Napoli,all,Serie A,home,15,0.7333333333333333,0.13333333333333333,0.13333333333333333,153.0,34.0,53.0,240.0,0.6375,0.14166666666666666,0.22083333333333333
Newcastle,0,Premier League,away,6,0.16666666666666666,0.5,0.3333333333333333,13.0,32.0,58.0,103.0,0.1262135922330097,0.3106796116504854,0.5631067961165048
Newcastle,0,Premier League,home,3,0.6666666666666666,0.3333333333333333,0.0,43.0,3.0,0.0,46.0,0.9347826086956522,0.06521739130434782,0.0
Newcastle,1,Premier League,away,6,0.3333333333333333,0.5,0.16666666666666666,40.0,48.0,5.0,93.0,0.43010752688172044,0.5161290322580645,0.053763440860215055
Newcastle,1,Premier League,home,7,0.5714285714285714,0.2857142857142857,0.14285714285714285,73.0,14.0,24.0,111.0,0.6576576576576577,0.12612612612612611,0.21621621621621623
Newcastle,2,Premier League,away,4,1.0,0.0,0.0,90.0,0.0,0.0,90.0,1.0,0.0,0.0
Newcastle,2,Premier League,home,4,0.5,0.5,0.0,13.0,40.0,0.0,53.0,0.24528301886792453,0.7547169811320755,0.0
Newcastle,all,Premier League,away,16,0.4375,0.375,0.1875,143.0,80.0,63.0,286.0,0.5,0.27972027972027974,0.2202797202797203
Newcastle,all,Premier League,home,14,0.5714285714285714,0.35714285714285715,0.07142857142857142,129.0,57.0,24.0,210.0,0.6142857142857143,0.2714285714285714,0.11428571428571428
Nott'm Forest,0,Premier League,away,7,0.0,0.14285714285714285,0.8571428571428571,0.0,12.0,95.0,107.0,0.0,0.11214953271028037,0.8878504672897196
Nott'm Forest,0,Premier League,home,5,0.0,0.4,0.6,0.0,34.0,64.0,98.0,0.0,0.3469387755102041,0.6530612244897959
Nott'm Forest,1,Premier League,away,3,0.0,0.3333333333333333,0.6666666666666666,0.0,21.0,34.0,55.0,0.0,0.38181818181818183,0.6181818181818182
Nott'm Forest,1,Premier League,home,7,0.2857142857142857,0.42857142857142855,0.2857142857142857,29.0,62.0,14.0,105.0,0.2761904761904762,0.5904761904761905,0.13333333333333333
Nott'm Forest,2,Premier League,away,5,0.2,0.2,0.6,19.0,3.0,41.0,63.0,0.30158730158730157,0.047619047619047616,0.6507936507936508
Nott'm Forest,2,Premier League,home,4,0.75,0.25,0.0,44.0,26.0,0.0,70.0,0.6285714285714286,0.37142857142857144,0.0
Nott'm Forest,all,Premier League,away,15,0.06666666666666667,0.2,0.7333333333333333,19.0,36.0,170.0,225.0,0.08444444444444445,0.16,0.7555555555555555
Nott'm Forest,all,Premier League,home,16,0.3125,0.375,0.3125,73.0,122.0,78.0,273.0,0.2673992673992674,0.4468864468864469,0.2857142857142857
Osasuna,0,La Liga,away,5,0.0,0.4,0.6,0.0,23.0,27.0,50.0,0.0,0.46,0.54
Osasuna,0,La Liga,home,4,0.0,0.0,1.0,0.0,0.0,83.0,83.0,0.0,0.0,1.0
Osasuna,1,La Liga,away,6,0.3333333333333333,0.5,0.16666666666666666,37.0,61.0,30.0,128.0,0.2890625,0.4765625,0.234375
Osasuna,1,La Liga,home,5,0.8,0.2,0.0,34.0,25.0,0.0,59.0,0.576271186440678,0.423728813559322,0.0
Osasuna,2,La Liga,away,4,0.25,0.5,0.25,5.0,39.0,26.0,70.0,0.07142857142857142,0.5571428571428572,0.37142857142857144
Osasuna,2,La Liga,home,5,0.6,0.0,0.4,41.0,0.0,14.0,55.0,0.7454545454545455,0.0,0.2545454545454545
Osasuna,all,La Liga,away,15,0.2,0.4666666666666667,0.3333333333333333,42.0,123.0,83.0,248.0,0.1693548387096774,0.4959677419354839,0.3346774193548387
Osasuna,all,La Liga,home,14,0.5,0.07142857142857142,0.42857142857142855,75.0,25.0,97.0,197.0,0.38071065989847713,0.12690355329949238,0.49238578680203043
RB Leipzig,0,Bundesliga,away,3,0.0,0.0,1.0,0.0,0.0,31.0,31.0,0.0,0.0,1.0
RB Leipzig,0,Bundesliga,home,6,0.6666666666666666,0.16666666666666666,0.16666666666666666,54.0,16.0,20.0,90.0,0.6,0.17777777777777778,0.2222222222222222
RB Leipzig,1,Bundesliga,away,7,0.42857142857142855,0.42857142857142855,0.14285714285714285,49.0,39.0,7.0,95.0,0.5157894736842106,0.4105263157894737,0.07368421052631578
RB Leipzig,1,Bundesliga,home,5,0.6,0.2,0.2,56.0,2.0,26.0,84.0,0.6666666666666666,0.023809523809523808,0.30952380952380953
RB Leipzig,2,Bundesliga,away,4,0.5,0.25,0.25,44.0,1.0,25.0,70.0,0.6285714285714286,0.014285714285714285,0.35714285714285715
RB Leipzig,2,Bundesliga,home,3,1.0,0.0,0.0,36.0,0.0,0.0,36.0,1.0,0.0,0.0
RB Leipzig,all,Bundesliga,away,14,0.35714285714285715,0.2857142857142857,0.35714285714285715,93.0,40.0,63.0,196.0,0.4744897959183674,0.20408163265306123,0.32142857142857145
RB Leipzig,all,Bundesliga,home,14,0.7142857142857143,0.14285714285714285,0.14285714285714285,146.0,18.0,46.0,210.0,0.6952380952380952,0.08571428571428572,0.21904761904761905
Real Madrid,0,La Liga,away,5,0.4,0.2,0.4,24.0,25.0,43.0,92.0,0.2608695652173913,0.2717391304347826,0.4673913043478261
Real Madrid,0,La Liga,home,5,0.4,0.4,0.2,13.0,43.0,29.0,85.0,0.15294117647058825,0.5058823529411764,0.3411764705882353
Real Madrid,1,La Liga,away,5,0.6,0.0,0.4,40.0,0.0,34.0,74.0,0.5405405405405406,0.0,0.4594594594594595
Real Madrid,1,La Liga,home,5,0.6,0.4,0.0,44.0,19.0,0.0,63.0,0.6984126984126984,0.30158730158730157,0.0
Real Madrid,2,La Liga,away,5,1.0,0.0,0.0,52.0,0.0,0.0,52.0,1.0,0.0,0.0
Real Madrid,2,La Liga,home,4,1.0,0.0,0.0,79.0,0.0,0.0,79.0,1.0,0.0,0.0
Real Madrid,all,La Liga,away,15,0.6666666666666666,0.06666666666666667,0.26666666666666666,116.0,25.0,77.0,218.0,0.5321100917431193,0.11467889908256881,0.3532110091743119
Real Madrid,all,La Liga,home,14,0.6428571428571429,0.2857142857142857,0.07142857142857142,136.0,62.0,29.0,227.0,0.5991189427312775,0.27312775330396477,0.1277533039647577
Roma,0,Serie A,away,5,0.2,0.4,0.4,8.0,20.0,47.0,75.0,0.10666666666666667,0.26666666666666666,0.6266666666666667
Roma,0,Serie A,home,4,0.25,0.0,0.75,25.0,0.0,31.0,56.0,0.44642857142857145,0.0,0.5535714285714286
Roma,1,Serie A,away,4,0.5,0.25,0.25,35.0,14.0,5.0,54.0,0.6481481481481481,0.25925925925925924,0.09259259259259259
Roma,1,Serie A,home,7,0.7142857142857143,0.14285714285714285,0.14285714285714285,89.0,15.0,26.0,130.0,0.6846153846153846,0.11538461538461539,0.2
Roma,2,Serie A,away,6,0.6666666666666666,0.16666666666666666,0.16666666666666666,42.0,22.0,24.0,88.0,0.4772727272727273,0.25,0.2727272727272727
Roma,2,Serie A,home,4,1.0,0.0,0.0,62.0,0.0,0.0,62.0,1.0,0.0,0.0
Roma,all,Serie A,away,15,0.4666666666666667,0.26666666666666666,0.26666666666666666,85.0,56.0,76.0,217.0,0.391705069124424,0.25806451612903225,0.35023041474654376
Roma,all,Serie A,home,15,0.6666666666666666,0.06666666666666667,0.26666666666666666,176.0,15.0,57.0,248.0,0.7096774193548387,0.06048387096774194,0.22983870967741934
Salernitana,0,Serie A,away,5,0.2,0.4,0.4,12.0,32.0,28.0,72.0,0.16666666666666666,0.4444444444444444,0.3888888888888889
Salernitana,0,Serie A,home,6,0.0,0.16666666666666666,0.8333333333333334,0.0,29.0,80.0,109.0,0.0,0.26605504587155965,0.7339449541284404
Salernitana,1,Serie A,away,6,0.0,0.5,0.5,0.0,36.0,37.0,73.0,0.0,0.4931506849315068,0.5068493150684932
Salernitana,1,Serie A,home,4,0.25,0.75,0.0,24.0,49.0,0.0,73.0,0.3287671232876712,0.6712328767123288,0.0
Salernitana,2,Serie A,away,4,0.25,0.5,0.25,20.0,53.0,22.0,95.0,0.21052631578947367,0.5578947368421052,0.23157894736842105
Salernitana,2,Serie A,home,5,0.6,0.2,0.2,23.0,13.0,7.0,43.0,0.5348837209302325,0.3023255813953488,0.16279069767441862
Salernitana,all,Serie A,away,15,0.13333333333333333,0.4666666666666667,0.4,32.0,121.0,87.0,240.0,0.13333333333333333,0.5041666666666667,0.3625
Salernitana,all,Serie A,home,15,0.26666666666666666,0.3333333333333333,0.4,47.0,91.0,87.0,225.0,0.2088888888888889,0.40444444444444444,0.38666666666666666
Sampdoria,0,Serie A,away,5,0.0,0.0,1.0,0.0,0.0,110.0,110.0,0.0,0.0,1.0
Sampdoria,0,Serie A,home,7,0.0,0.42857142857142855,0.5714285714285714,0.0,28.0,34.0,62.0,0.0,0.45161290322580644,0.5483870967741935
Sampdoria,1,Serie A,away,5,0.2,0.4,0.4,16.0,30.0,32.0,78.0,0.20512820512820512,0.38461538461538464,0.41025641025641024
Sampdoria,1,Serie A,home,4,0.0,0.0,1.0,0.0,0.0,63.0,63.0,0.0,0.0,1.0
Sampdoria,2,Serie A,away,5,0.2,0.2,0.6,11.0,30.0,15.0,56.0,0.19642857142857142,0.5357142857142857,0.26785714285714285
Sampdoria,2,Serie A,home,4,0.25,0.25,0.5,27.0,25.0,44.0,96.0,0.28125,0.2604166666666667,0.4583333333333333
Sampdoria,all,Serie A,away,15,0.13333333333333333,0.2,0.6666666666666666,27.0,60.0,157.0,244.0,0.11065573770491803,0.2459016393442623,0.6434426229508197
Sampdoria,all,Serie A,home,15,0.06666666666666667,0.26666666666666666,0.6666666666666666,27.0,53.0,141.0,221.0,0.12217194570135746,0.2398190045248869,0.6380090497737556
Sassuolo,0,Serie A,away,5,0.4,0.0,0.6,46.0,0.0,23.0,69.0,0.6666666666666666,0.0,0.3333333333333333
Sassuolo,0,Serie A,home,7,0.2857142857142857,0.2857142857142857,0.42857142857142855,51.0,18.0,50.0,119.0,0.42857142857142855,0.15126050420168066,0.42016806722689076
Sassuolo,1,Serie A,away,6,0.16666666666666666,0.3333333333333333,0.5,7.0,41.0,45.0,93.0,0.07526881720430108,0.44086021505376344,0.4838709677419355
Sassuolo,1,Serie A,home,2,0.0,0.5,0.5,0.0,28.0,6.0,34.0,0.0,0.8235294117647058,0.17647058823529413
Sassuolo,2,Serie A,away,4,0.25,0.5,0.25,24.0,8.0,29.0,61.0,0.39344262295081966,0.13114754098360656,0.47540983606557374
Sassuolo,2,Serie A,home,6,0.8333333333333334,0.0,0.16666666666666666,73.0,0.0,16.0,89.0,0.8202247191011236,0.0,0.1797752808988764
Sassuolo,all,Serie A,away,15,0.26666666666666666,0.26666666666666666,0.4666666666666667,77.0,49.0,97.0,223.0,0.3452914798206278,0.21973094170403587,0.4349775784753363
Sassuolo,all,Serie A,home,15,0.4666666666666667,0.2,0.3333333333333333,124.0,46.0,72.0,242.0,0.512396694214876,0.19008264462809918,0.2975206611570248
Schalke 04,0,Bundesliga,away,4,0.0,0.25,0.75,0.0,21.0,32.0,53.0,0.0,0.39622641509433965,0.6037735849056604
Schalke 04,0,Bundesliga,home,6,0.0,0.16666666666666666,0.8333333333333334,0.0,24.0,74.0,98.0,0.0,0.24489795918367346,0.7551020408163265
Schalke 04,1,Bundesliga,away,6,0.0,0.5,0.5,0.0,47.0,41.0,88.0,0.0,0.5340909090909091,0.4659090909090909
Schalke 04,1,Bundesliga,home,6,0.16666666666666666,0.5,0.3333333333333333,14.0,40.0,18.0,72.0,0.19444444444444445,0.5555555555555556,0.25
Schalke 04,2,Bundesliga,away,3,0.3333333333333333,0.3333333333333333,0.3333333333333333,23.0,5.0,11.0,39.0,0.5897435897435898,0.1282051282051282,0.28205128205128205
Schalke 04,2,Bundesliga,home,3,1.0,0.0,0.0,56.0,0.0,0.0,56.0,1.0,0.0,0.0
Schalke 04,all,Bundesliga,away,13,0.07692307692307693,0.38461538461538464,0.5384615384615384,23.0,73.0,84.0,180.0,0.12777777777777777,0.40555555555555556,0.4666666666666667
Schalke 04,all,Bundesliga,home,15,0.26666666666666666,0.26666666666666666,0.4666666666666667,70.0,64.0,92.0,226.0,0.30973451327433627,0.2831858407079646,0.40707964601769914
Sevilla,0,La Liga,away,5,0.0,0.4,0.6,0.0,19.0,57.0,76.0,0.0,0.25,0.75
Sevilla,0,La Liga,home,4,0.0,0.25,0.75,0.0,8.0,25.0,33.0,0.0,0.24242424242424243,0.7575757575757576
Sevilla,1,La Liga,away,5,0.2,0.4,0.4,9.0,38.0,18.0,65.0,0.13846153846153847,0.5846153846153846,0.27692307692307694
Sevilla,1,La Liga,home,5,0.2,0.4,0.4,22.0,31.0,36.0,89.0,0.24719101123595505,0.34831460674157305,0.4044943820224719
Sevilla,2,La Liga,away,5,0.6,0.0,0.4,63.0,0.0,30.0,93.0,0.6774193548387096,0.0,0.3225806451612903
Sevilla,2,La Liga,home,5,0.8,0.2,0.0,79.0,10.0,0.0,89.0,0.8876404494382022,0.11235955056179775,0.0
Sevilla,all,La Liga,away,15,0.26666666666666666,0.26666666666666666,0.4666666666666667,72.0,57.0,105.0,234.0,0.3076923076923077,0.24358974358974358,0.44871794871794873
Sevilla,all,La Liga,home,14,0.35714285714285715,0.2857142857142857,0.35714285714285715,101.0,49.0,61.0,211.0,0.4786729857819905,0.23222748815165878,0.2890995260663507
Sociedad,0,La Liga,away,3,0.0,0.3333333333333333,0.6666666666666666,0.0,19.0,58.0,77.0,0.0,0.24675324675324675,0.7532467532467533
Sociedad,0,La Liga,home,5,0.4,0.2,0.4,25.0,4.0,14.0,43.0,0.5813953488372093,0.09302325581395349,0.32558139534883723
Sociedad,1,La Liga,away,6,0.6666666666666666,0.16666666666666666,0.16666666666666666,48.0,26.0,11.0,85.0,0.5647058823529412,0.3058823529411765,0.12941176470588237
Sociedad,1,La Liga,home,4,0.5,0.25,0.25,25.0,23.0,21.0,69.0,0.36231884057971014,0.3333333333333333,0.30434782608695654
Sociedad,2,La Liga,away,6,0.6666666666666666,0.0,0.3333333333333333,42.0,0.0,29.0,71.0,0.5915492957746479,0.0,0.4084507042253521
Sociedad,2,La Liga,home,5,0.6,0.4,0.0,62.0,38.0,0.0,100.0,0.62,0.38,0.0
Sociedad,all,La Liga,away,15,0.5333333333333333,0.13333333333333333,0.3333333333333333,90.0,45.0,98.0,233.0,0.38626609442060084,0.19313304721030042,0.4206008583690987
Sociedad,all,La Liga,home,14,0.5,0.2857142857142857,0.21428571428571427,112.0,65.0,35.0,212.0,0.5283018867924528,0.30660377358490565,0.1650943396226415
Southampton,0,Premier League,away,4,0.0,0.25,0.75,0.0,27.0,19.0,46.0,0.0,0.5869565217391305,0.41304347826086957
Southampton,0,Premier League,home,7,0.0,0.2857142857142857,0.7142857142857143,0.0,41.0,88.0,129.0,0.0,0.3178294573643411,0.6821705426356589
Southampton,1,Premier League,away,7,0.2857142857142857,0.0,0.7142857142857143,36.0,0.0,76.0,112.0,0.32142857142857145,0.0,0.6785714285714286
Southampton,1,Premier League,home,4,0.25,0.0,0.75,5.0,0.0,62.0,67.0,0.07462686567164178,0.0,0.9253731343283582
Southampton,2,Premier League,away,4,0.5,0.0,0.5,23.0,0.0,54.0,77.0,0.2987012987012987,0.0,0.7012987012987013
Southampton,2,Premier League,home,5,0.2,0.4,0.4,26.0,13.0,28.0,67.0,0.3880597014925373,0.19402985074626866,0.417910447761194
Southampton,all,Premier League,away,15,0.26666666666666666,0.06666666666666667,0.6666666666666666,59.0,27.0,149.0,235.0,0.251063829787234,0.1148936170212766,0.6340425531914894
Southampton,all,Premier League,home,16,0.125,0.25,0.625,31.0,54.0,178.0,263.0,0.11787072243346007,0.20532319391634982,0.6768060836501901
Spezia,0,Serie A,away,5,0.0,0.0,1.0,0.0,0.0,33.0,33.0,0.0,0.0,1.0
Spezia,0,Serie A,home,6,0.16666666666666666,0.16666666666666666,0.6666666666666666,26.0,16.0,93.0,135.0,0.1925925925925926,0.11851851851851852,0.6888888888888889
Spezia,1,Serie A,away,7,0.14285714285714285,0.42857142857142855,0.42857142857142855,18.0,75.0,56.0,149.0,0.12080536912751678,0.5033557046979866,0.37583892617449666
Spezia,1,Serie A,home,5,0.2,0.6,0.2,1.0,22.0,12.0,35.0,0.02857142857142857,0.6285714285714286,0.34285714285714286
Spezia,2,Serie A,away,2,0.5,0.0,0.5,15.0,0.0,11.0,26.0,0.5769230769230769,0.0,0.4230769230769231
Spezia,2,Serie A,home,5,0.2,0.8,0.0,7.0,80.0,0.0,87.0,0.08045977011494253,0.9195402298850575,0.0
Spezia,all,Serie A,away,14,0.14285714285714285,0.21428571428571427,0.6428571428571429,33.0,75.0,100.0,208.0,0.15865384615384615,0.3605769230769231,0.4807692307692308
Spezia,all,Serie A,home,16,0.1875,0.5,0.3125,34.0,118.0,105.0,257.0,0.13229571984435798,0.4591439688715953,0.4085603112840467
Stuttgart,0,Bundesliga,away,7,0.0,0.2857142857142857,0.7142857142857143,0.0,30.0,90.0,120.0,0.0,0.25,0.75
Stuttgart,0,Bundesliga,home,6,0.0,0.3333333333333333,0.6666666666666666,0.0,29.0,42.0,71.0,0.0,0.4084507042253521,0.5915492957746479
Stuttgart,1,Bundesliga,away,5,0.0,0.6,0.4,0.0,23.0,21.0,44.0,0.0,0.5227272727272727,0.4772727272727273
Stuttgart,1,Bundesliga,home,5,0.4,0.2,0.4,33.0,16.0,44.0,93.0,0.3548387096774194,0.17204301075268819,0.4731182795698925
Stuttgart,2,Bundesliga,away,2,0.5,0.0,0.5,27.0,0.0,22.0,49.0,0.5510204081632653,0.0,0.4489795918367347
Stuttgart,2,Bundesliga,home,3,0.6666666666666666,0.3333333333333333,0.0,24.0,5.0,0.0,29.0,0.8275862068965517,0.1724137931034483,0.0
Stuttgart,all,Bundesliga,away,14,0.07142857142857142,0.35714285714285715,0.5714285714285714,27.0,53.0,133.0,213.0,0.1267605633802817,0.24882629107981222,0.6244131455399061
Stuttgart,all,Bundesliga,home,14,0.2857142857142857,0.2857142857142857,0.42857142857142855,57.0,50.0,86.0,193.0,0.29533678756476683,0.25906735751295334,0.44559585492227977
Torino,0,Serie A,away,6,0.0,0.16666666666666666,0.8333333333333334,0.0,15.0,64.0,79.0,0.0,0.189873417721519,0.810126582278481
Torino,0,Serie A,home,5,0.2,0.2,0.6,12.0,2.0,66.0,80.0,0.15,0.025,0.825
Torino,1,Serie A,away,6,0.5,0.3333333333333333,0.16666666666666666,31.0,48.0,13.0,92.0,0.33695652173913043,0.5217391304347826,0.14130434782608695
Torino,1,Serie A,home,4,0.5,0.25,0.25,46.0,9.0,7.0,62.0,0.7419354838709677,0.14516129032258066,0.11290322580645161
Torino,2,Serie A,away,3,0.6666666666666666,0.3333333333333333,0.0,29.0,17.0,0.0,46.0,0.6304347826086957,0.3695652173913043,0.0
Torino,2,Serie A,home,6,0.3333333333333333,0.5,0.16666666666666666,19.0,69.0,18.0,106.0,0.1792452830188679,0.6509433962264151,0.16981132075471697
Torino,all,Serie A,away,15,0.3333333333333333,0.26666666666666666,0.4,60.0,80.0,77.0,217.0,0.2764976958525346,0.3686635944700461,0.3548387096774194
Torino,all,Serie A,home,15,0.3333333333333333,0.3333333333333333,0.3333333333333333,77.0,80.0,91.0,248.0,0.31048387096774194,0.3225806451612903,0.36693548387096775
Tottenham,0,Premier League,away,4,0.25,0.0,0.75,10.0,0.0,28.0,38.0,0.2631578947368421,0.0,0.7368421052631579
Tottenham,0,Premier League,home,5,0.4,0.0,0.6,53.0,0.0,51.0,104.0,0.5096153846153846,0.0,0.49038461538461536
Tottenham,1,Premier League,away,6,0.5,0.3333333333333333,0.16666666666666666,54.0,19.0,26.0,99.0,0.5454545454545454,0.1919191919191919,0.26262626262626265
Tottenham,1,Premier League,home,5,0.6,0.0,0.4,34.0,0.0,47.0,81.0,0.41975308641975306,0.0,0.5802469135802469
Tottenham,2,Premier League,away,5,0.2,0.6,0.2,4.0,62.0,23.0,89.0,0.0449438202247191,0.6966292134831461,0.25842696629213485
Tottenham,2,Premier League,home,6,1.0,0.0,0.0,87.0,0.0,0.0,87.0,1.0,0.0,0.0
Tottenham,all,Premier League,away,15,0.3333333333333333,0.3333333333333333,0.3333333333333333,68.0,81.0,77.0,226.0,0.3008849557522124,0.3584070796460177,0.3407079646017699
Tottenham,all,Premier League,home,16,0.6875,0.0,0.3125,174.0,0.0,98.0,272.0,0.6397058823529411,0.0,0.3602941176470588
Udinese,0,Serie A,away,7,0.0,0.2857142857142857,0.7142857142857143,0.0,35.0,86.0,121.0,0.0,0.2892561983471074,0.7107438016528925
Udinese,0,Serie A,home,4,0.75,0.25,0.0,39.0,9.0,0.0,48.0,0.8125,0.1875,0.0
Udinese,1,Serie A,away,5,0.6,0.0,0.4,35.0,0.0,49.0,84.0,0.4166666666666667,0.0,0.5833333333333334
Udinese,1,Serie A,home,6,0.16666666666666666,0.5,0.3333333333333333,4.0,67.0,29.0,100.0,0.04,0.67,0.29
Udinese,2,Serie A,away,4,0.5,0.5,0.0,27.0,26.0,0.0,53.0,0.5094339622641509,0.49056603773584906,0.0
Udinese,2,Serie A,home,4,0.0,1.0,0.0,0.0,59.0,0.0,59.0,0.0,1.0,0.0
Udinese,all,Serie A,away,16,0.3125,0.25,0.4375,62.0,61.0,135.0,258.0,0.24031007751937986,0.2364341085271318,0.5232558139534884
Udinese,all,Serie A,home,14,0.2857142857142857,0.5714285714285714,0.14285714285714285,43.0,135.0,29.0,207.0,0.20772946859903382,0.6521739130434783,0.14009661835748793
Union Berlin,0,Bundesliga,away,6,0.16666666666666666,0.0,0.8333333333333334,20.0,0.0,85.0,105.0,0.19047619047619047,0.0,0.8095238095238095
Union Berlin,0,Bundesliga,home,4,0.75,0.25,0.0,38.0,5.0,0.0,43.0,0.8837209302325582,0.11627906976744186,0.0
Union Berlin,1,Bundesliga,away,4,0.5,0.5,0.0,23.0,26.0,0.0,49.0,0.46938775510204084,0.5306122448979592,0.0
Union Berlin,1,Bundesliga,home,6,0.6666666666666666,0.3333333333333333,0.0,54.0,37.0,0.0,91.0,0.5934065934065934,0.4065934065934066,0.0
Union Berlin,2,Bundesliga,away,4,0.75,0.0,0.25,31.0,0.0,11.0,42.0,0.7380952380952381,0.0,0.2619047619047619
Union Berlin,2,Bundesliga,home,4,0.5,0.5,0.0,27.0,49.0,0.0,76.0,0.35526315789473684,0.6447368421052632,0.0
Union Berlin,all,Bundesliga,away,14,0.42857142857142855,0.14285714285714285,0.42857142857142855,74.0,26.0,96.0,196.0,0.37755102040816324,0.1326530612244898,0.4897959183673469
Union Berlin,all,Bundesliga,home,14,0.6428571428571429,0.35714285714285715,0.0,119.0,91.0,0.0,210.0,0.5666666666666667,0.43333333333333335,0.0
Valencia,0,La Liga,away,6,0.0,0.16666666666666666,0.8333333333333334,0.0,13.0,86.0,99.0,0.0,0.13131313131313133,0.8686868686868687
Valencia,0,La Liga,home,5,0.4,0.0,0.6,38.0,0.0,37.0,75.0,0.5066666666666667,0.0,0.49333333333333335
Valencia,1,La Liga,away,5,0.2,0.2,0.6,8.0,10.0,45.0,63.0,0.12698412698412698,0.15873015873015872,0.7142857142857143
Valencia,1,La Liga,home,6,0.5,0.16666666666666666,0.3333333333333333,33.0,28.0,41.0,102.0,0.3235294117647059,0.27450980392156865,0.4019607843137255
Valencia,2,La Liga,away,3,0.0,0.3333333333333333,0.6666666666666666,0.0,7.0,52.0,59.0,0.0,0.11864406779661017,0.8813559322033898
Valencia,2,La Liga,home,4,0.25,0.5,0.25,4.0,27.0,16.0,47.0,0.0851063829787234,0.574468085106383,0.3404255319148936
Valencia,all,La Liga,away,14,0.07142857142857142,0.21428571428571427,0.7142857142857143,8.0,30.0,183.0,221.0,0.03619909502262444,0.13574660633484162,0.8280542986425339
Valencia,all,La Liga,home,15,0.4,0.2,0.4,75.0,55.0,94.0,224.0,0.33482142857142855,0.24553571428571427,0.41964285714285715
Valladolid,0,La Liga,away,7,0.2857142857142857,0.0,0.7142857142857143,51.0,0.0,86.0,137.0,0.3722627737226277,0.0,0.6277372262773723
Valladolid,0,La Liga,home,5,0.2,0.2,0.6,11.0,8.0,43.0,62.0,0.1774193548387097,0.12903225806451613,0.6935483870967742
Valladolid,1,La Liga,away,5,0.0,0.2,0.8,0.0,2.0,57.0,59.0,0.0,0.03389830508474576,0.9661016949152542
Valladolid,1,La Liga,home,4,0.25,0.5,0.25,10.0,51.0,17.0,78.0,0.1282051282051282,0.6538461538461539,0.21794871794871795
Valladolid,2,La Liga,away,3,0.3333333333333333,0.3333333333333333,0.3333333333333333,7.0,26.0,9.0,42.0,0.16666666666666666,0.6190476190476191,0.21428571428571427
Valladolid,2,La Liga,home,5,0.8,0.0,0.2,61.0,0.0,6.0,67.0,0.9104477611940298,0.0,0.08955223880597014
Valladolid,all,La Liga,away,15,0.2,0.13333333333333333,0.6666666666666666,58.0,28.0,152.0,238.0,0.24369747899159663,0.11764705882352941,0.6386554621848739
Valladolid,all,La Liga,home,14,0.42857142857142855,0.21428571428571427,0.35714285714285715,82.0,59.0,66.0,207.0,0.3961352657004831,0.28502415458937197,0.3188405797101449
Vallecano,0,La Liga,away,4,0.25,0.5,0.25,19.0,11.0,6.0,36.0,0.5277777777777778,0.3055555555555556,0.16666666666666666
Vallecano,0,La Liga,home,5,0.2,0.2,0.6,13.0,25.0,63.0,101.0,0.12871287128712872,0.24752475247524752,0.6237623762376238
Vallecano,1,La Liga,away,5,0.4,0.2,0.4,29.0,15.0,30.0,74.0,0.3918918918918919,0.20270270270270271,0.40540540540540543
Vallecano,1,La Liga,home,5,0.2,0.6,0.2,30.0,64.0,3.0,97.0,0.30927835051546393,0.6597938144329897,0.030927835051546393
Vallecano,2,La Liga,away,5,0.2,0.4,0.4,2.0,50.0,32.0,84.0,0.023809523809523808,0.5952380952380952,0.38095238095238093
Vallecano,2,La Liga,home,5,0.8,0.2,0.0,44.0,9.0,0.0,53.0,0.8301886792452831,0.16981132075471697,0.0
Vallecano,all,La Liga,away,14,0.2857142857142857,0.35714285714285715,0.35714285714285715,50.0,76.0,68.0,194.0,0.25773195876288657,0.3917525773195876,0.35051546391752575
Vallecano,all,La Liga,home,15,0.4,0.3333333333333333,0.26666666666666666,87.0,98.0,66.0,251.0,0.3466135458167331,0.3904382470119522,0.26294820717131473
Verona,0,Serie A,away,5,0.0,0.2,0.8,0.0,30.0,75.0,105.0,0.0,0.2857142857142857,0.7142857142857143
Verona,0,Serie A,home,6,0.0,0.16666666666666666,0.8333333333333334,0.0,21.0,40.0,61.0,0.0,0.3442622950819672,0.6557377049180327
Verona,1,Serie A,away,7,0.0,0.5714285714285714,0.42857142857142855,0.0,42.0,31.0,73.0,0.0,0.5753424657534246,0.4246575342465753
Verona,1,Serie A,home,4,0.25,0.25,0.5,29.0,26.0,32.0,87.0,0.3333333333333333,0.2988505747126437,0.367816091954023
Verona,2,Serie A,away,3,0.0,0.3333333333333333,0.6666666666666666,0.0,25.0,36.0,61.0,0.0,0.4098360655737705,0.5901639344262295
Verona,2,Serie A,home,5,0.8,0.0,0.2,63.0,0.0,15.0,78.0,0.8076923076923077,0.0,0.19230769230769232
Verona,all,Serie A,away,15,0.0,0.4,0.6,0.0,97.0,142.0,239.0,0.0,0.40585774058577406,0.5941422594142259
Verona,all,Serie A,home,15,0.3333333333333333,0.13333333333333333,0.5333333333333333,92.0,47.0,87.0,226.0,0.40707964601769914,0.2079646017699115,0.38495575221238937
Villarreal,0,La Liga,away,6,0.3333333333333333,0.0,0.6666666666666666,31.0,0.0,35.0,66.0,0.4696969696969697,0.0,0.5303030303030303
Villarreal,0,La Liga,home,4,0.5,0.25,0.25,44.0,26.0,22.0,92.0,0.4782608695652174,0.2826086956521739,0.2391304347826087
Villarreal,1,La Liga,away,4,0.5,0.25,0.25,28.0,17.0,23.0,68.0,0.4117647058823529,0.25,0.3382352941176471
Villarreal,1,La Liga,home,6,0.3333333333333333,0.16666666666666666,0.5,27.0,6.0,62.0,95.0,0.28421052631578947,0.06315789473684211,0.6526315789473685
Villarreal,2,La Liga,away,5,0.4,0.4,0.2,39.0,10.0,21.0,70.0,0.5571428571428572,0.14285714285714285,0.3
Villarreal,2,La Liga,home,4,1.0,0.0,0.0,54.0,0.0,0.0,54.0,1.0,0.0,0.0
Villarreal,all,La Liga,away,15,0.4,0.2,0.4,98.0,27.0,79.0,204.0,0.4803921568627451,0.1323529411764706,0.3872549019607843
Villarreal,all,La Liga,home,14,0.5714285714285714,0.14285714285714285,0.2857142857142857,125.0,32.0,84.0,241.0,0.5186721991701245,0.13278008298755187,0.34854771784232363
Werder Bremen,0,Bundesliga,away,5,0.2,0.2,0.6,3.0,7.0,46.0,56.0,0.05357142857142857,0.125,0.8214285714285714
Werder Bremen,0,Bundesliga,home,6,0.0,0.0,1.0,0.0,0.0,108.0,108.0,0.0,0.0,1.0
Werder Bremen,1,Bundesliga,away,6,0.16666666666666666,0.5,0.3333333333333333,9.0,53.0,39.0,101.0,0.0891089108910891,0.5247524752475248,0.38613861386138615
Werder Bremen,1,Bundesliga,home,5,0.4,0.0,0.6,26.0,0.0,42.0,68.0,0.38235294117647056,0.0,0.6176470588235294
Werder Bremen,2,Bundesliga,away,2,1.0,0.0,0.0,24.0,0.0,0.0,24.0,1.0,0.0,0.0
Werder Bremen,2,Bundesliga,home,4,0.75,0.25,0.0,47.0,2.0,0.0,49.0,0.9591836734693877,0.04081632653061224,0.0
Werder Bremen,all,Bundesliga,away,13,0.3076923076923077,0.3076923076923077,0.38461538461538464,36.0,60.0,85.0,181.0,0.19889502762430938,0.3314917127071823,0.4696132596685083
Werder Bremen,all,Bundesliga,home,15,0.3333333333333333,0.06666666666666667,0.6,73.0,2.0,150.0,225.0,0.3244444444444444,0.008888888888888889,0.6666666666666666
West Ham,0,Premier League,away,6,0.16666666666666666,0.16666666666666666,0.6666666666666666,4.0,22.0,81.0,107.0,0.037383177570093455,0.205607476635514,0.7570093457943925
West Ham,0,Premier League,home,6,0.0,0.5,0.5,0.0,64.0,34.0,98.0,0.0,0.6530612244897959,0.3469387755102041
West Ham,1,Premier League,away,4,0.25,0.0,0.75,31.0,0.0,38.0,69.0,0.4492753623188406,0.0,0.5507246376811594
West Ham,1,Premier League,home,6,0.5,0.16666666666666666,0.3333333333333333,32.0,23.0,33.0,88.0,0.36363636363636365,0.26136363636363635,0.375
West Ham,2,Premier League,away,4,0.0,0.5,0.5,0.0,30.0,10.0,40.0,0.0,0.75,0.25
West Ham,2,Premier League,home,4,0.75,0.0,0.25,75.0,0.0,16.0,91.0,0.8241758241758241,0.0,0.17582417582417584
West Ham,all,Premier League,away,14,0.14285714285714285,0.21428571428571427,0.6428571428571429,35.0,52.0,129.0,216.0,0.16203703703703703,0.24074074074074073,0.5972222222222222
West Ham,all,Premier League,home,16,0.375,0.25,0.375,107.0,87.0,83.0,277.0,0.3862815884476534,0.3140794223826715,0.2996389891696751
Wolfsburg,0,Bundesliga,away,5,0.2,0.2,0.6,6.0,11.0,13.0,30.0,0.2,0.36666666666666664,0.43333333333333335
Wolfsburg,0,Bundesliga,home,7,0.2857142857142857,0.42857142857142855,0.2857142857142857,30.0,75.0,40.0,145.0,0.20689655172413793,0.5172413793103449,0.27586206896551724
Wolfsburg,1,Bundesliga,away,6,0.5,0.16666666666666666,0.3333333333333333,50.0,9.0,45.0,104.0,0.4807692307692308,0.08653846153846154,0.4326923076923077
Wolfsburg,1,Bundesliga,home,4,0.0,0.75,0.25,0.0,37.0,5.0,42.0,0.0,0.8809523809523809,0.11904761904761904
Wolfsburg,2,Bundesliga,away,3,0.6666666666666666,0.3333333333333333,0.0,42.0,20.0,0.0,62.0,0.6774193548387096,0.3225806451612903,0.0
Wolfsburg,2,Bundesliga,home,3,0.6666666666666666,0.3333333333333333,0.0,20.0,3.0,0.0,23.0,0.8695652173913043,0.13043478260869565,0.0
Wolfsburg,all,Bundesliga,away,14,0.42857142857142855,0.21428571428571427,0.35714285714285715,98.0,40.0,58.0,196.0,0.5,0.20408163265306123,0.29591836734693877
Wolfsburg,all,Bundesliga,home,14,0.2857142857142857,0.5,0.21428571428571427,50.0,115.0,45.0,210.0,0.23809523809523808,0.5476190476190477,0.21428571428571427
Wolves,0,Premier League,away,4,0.0,0.25,0.75,0.0,19.0,51.0,70.0,0.0,0.2714285714285714,0.7285714285714285
Wolves,0,Premier League,home,6,0.16666666666666666,0.16666666666666666,0.6666666666666666,26.0,4.0,57.0,87.0,0.2988505747126437,0.04597701149425287,0.6551724137931034
Wolves,1,Premier League,away,6,0.0,0.5,0.5,0.0,44.0,29.0,73.0,0.0,0.6027397260273972,0.3972602739726027
Wolves,1,Premier League,home,5,0.6,0.2,0.2,85.0,2.0,24.0,111.0,0.7657657657657657,0.018018018018018018,0.21621621621621623
Wolves,2,Premier League,away,5,0.4,0.2,0.4,40.0,29.0,10.0,79.0,0.5063291139240507,0.3670886075949367,0.12658227848101267
Wolves,2,Premier League,home,5,0.6,0.0,0.4,37.0,0.0,41.0,78.0,0.47435897435897434,0.0,0.5256410256410257
Wolves,all,Premier League,away,15,0.13333333333333333,0.3333333333333333,0.5333333333333333,40.0,92.0,90.0,222.0,0.18018018018018017,0.4144144144144144,0.40540540540540543
Wolves,all,Premier League,home,16,0.4375,0.125,0.4375,148.0,6.0,122.0,276.0,0.5362318840579711,0.021739130434782608,0.4420289855072464
