main_team,team_group,competition,n_matches,avg_win,avg_draw,avg_loss,win_streak_weighted,draw_streak_weighted,loss_streak_weighted,tot_giornata,win_streak_weighted_ratio,draw_streak_weighted_ratio,loss_streak_weighted_ratio
Almeria,0,La Liga,10,0.1,0.1,0.8,24.0,17.0,104.0,145.0,0.16551724137931034,0.11724137931034483,0.7172413793103448
Almeria,1,La Liga,11,0.45454545454545453,0.09090909090909091,0.45454545454545453,47.0,28.0,81.0,156.0,0.30128205128205127,0.1794871794871795,0.5192307692307693
Almeria,2,La Liga,6,0.16666666666666666,0.6666666666666666,0.16666666666666666,19.0,62.0,4.0,85.0,0.2235294117647059,0.7294117647058823,0.047058823529411764
Almeria,all,La Liga,27,0.25925925925925924,0.2222222222222222,0.5185185185185185,90.0,107.0,189.0,386.0,0.23316062176165803,0.2772020725388601,0.4896373056994819
Arsenal,0,Premier League,9,0.6666666666666666,0.1111111111111111,0.2222222222222222,97.0,19.0,18.0,134.0,0.7238805970149254,0.1417910447761194,0.13432835820895522
Arsenal,1,Premier League,11,0.9090909090909091,0.09090909090909091,0.0,149.0,23.0,0.0,172.0,0.8662790697674418,0.13372093023255813,0.0
Arsenal,2,Premier League,9,0.7777777777777778,0.1111111111111111,0.1111111111111111,94.0,13.0,22.0,129.0,0.7286821705426356,0.10077519379844961,0.17054263565891473
Arsenal,all,Premier League,29,0.7931034482758621,0.10344827586206896,0.10344827586206896,340.0,55.0,40.0,435.0,0.7816091954022989,0.12643678160919541,0.09195402298850575
Aston Villa,0,Premier League,8,0.375,0.125,0.5,49.0,6.0,66.0,121.0,0.4049586776859504,0.049586776859504134,0.5454545454545454
Aston Villa,1,Premier League,10,0.4,0.2,0.4,88.0,28.0,43.0,159.0,0.5534591194968553,0.1761006289308176,0.27044025157232704
Aston Villa,2,Premier League,11,0.5454545454545454,0.18181818181818182,0.2727272727272727,91.0,37.0,27.0,155.0,0.5870967741935483,0.23870967741935484,0.17419354838709677
Aston Villa,all,Premier League,29,0.4482758620689655,0.1724137931034483,0.3793103448275862,228.0,71.0,136.0,435.0,0.5241379310344828,0.1632183908045977,0.31264367816091954
Atalanta,0,Serie A,9,0.2222222222222222,0.2222222222222222,0.5555555555555556,29.0,21.0,89.0,139.0,0.20863309352517986,0.1510791366906475,0.6402877697841727
Atalanta,1,Serie A,10,0.7,0.2,0.1,83.0,34.0,21.0,138.0,0.6014492753623188,0.2463768115942029,0.15217391304347827
Atalanta,2,Serie A,9,0.5555555555555556,0.2222222222222222,0.2222222222222222,70.0,22.0,37.0,129.0,0.5426356589147286,0.17054263565891473,0.2868217054263566
Atalanta,all,Serie A,28,0.5,0.21428571428571427,0.2857142857142857,182.0,77.0,147.0,406.0,0.4482758620689655,0.1896551724137931,0.3620689655172414
Ath Bilbao,0,La Liga,8,0.125,0.125,0.75,12.0,15.0,104.0,131.0,0.0916030534351145,0.11450381679389313,0.7938931297709924
Ath Bilbao,1,La Liga,10,0.1,0.6,0.3,6.0,88.0,56.0,150.0,0.04,0.5866666666666667,0.37333333333333335
Ath Bilbao,2,La Liga,9,0.8888888888888888,0.0,0.1111111111111111,101.0,0.0,4.0,105.0,0.9619047619047619,0.0,0.0380952380952381
Ath Bilbao,all,La Liga,27,0.37037037037037035,0.25925925925925924,0.37037037037037035,119.0,103.0,164.0,386.0,0.3082901554404145,0.266839378238342,0.42487046632124353
Ath Madrid,0,La Liga,9,0.4444444444444444,0.2222222222222222,0.3333333333333333,71.0,28.0,24.0,123.0,0.5772357723577236,0.22764227642276422,0.1951219512195122
Ath Madrid,1,La Liga,11,0.7272727272727273,0.18181818181818182,0.09090909090909091,113.0,31.0,14.0,158.0,0.7151898734177216,0.1962025316455696,0.08860759493670886
Ath Madrid,2,La Liga,7,0.5714285714285714,0.2857142857142857,0.14285714285714285,63.0,30.0,12.0,105.0,0.6,0.2857142857142857,0.11428571428571428
Ath Madrid,all,La Liga,27,0.5925925925925926,0.2222222222222222,0.18518518518518517,247.0,89.0,50.0,386.0,0.6398963730569949,0.23056994818652848,0.12953367875647667
Augsburg,0,Bundesliga,10,0.3,0.2,0.5,28.0,25.0,72.0,125.0,0.224,0.2,0.576
Augsburg,1,Bundesliga,9,0.3333333333333333,0.2222222222222222,0.4444444444444444,46.0,35.0,48.0,129.0,0.35658914728682173,0.2713178294573643,0.37209302325581395
Augsburg,2,Bundesliga,7,0.2857142857142857,0.14285714285714285,0.5714285714285714,29.0,25.0,43.0,97.0,0.29896907216494845,0.25773195876288657,0.44329896907216493
Augsburg,all,Bundesliga,26,0.3076923076923077,0.19230769230769232,0.5,103.0,85.0,163.0,351.0,0.2934472934472934,0.24216524216524216,0.46438746438746437
Barcelona,0,La Liga,9,0.8888888888888888,0.0,0.1111111111111111,134.0,0.0,9.0,143.0,0.9370629370629371,0.0,0.06293706293706294
Barcelona,1,La Liga,8,0.875,0.125,0.0,91.0,1.0,0.0,92.0,0.9891304347826086,0.010869565217391304,0.0
Barcelona,2,La Liga,10,0.8,0.1,0.1,115.0,15.0,24.0,154.0,0.7467532467532467,0.09740259740259741,0.15584415584415584
Barcelona,all,La Liga,27,0.8518518518518519,0.07407407407407407,0.07407407407407407,340.0,16.0,33.0,389.0,0.8740359897172236,0.04113110539845758,0.08483290488431877
Bayern Munich,0,Bundesliga,10,0.5,0.4,0.1,67.0,48.0,25.0,140.0,0.4785714285714286,0.34285714285714286,0.17857142857142858
Bayern Munich,1,Bundesliga,11,0.6363636363636364,0.18181818181818182,0.18181818181818182,94.0,21.0,28.0,143.0,0.6573426573426573,0.14685314685314685,0.1958041958041958
Bayern Munich,2,Bundesliga,5,0.8,0.2,0.0,62.0,6.0,0.0,68.0,0.9117647058823529,0.08823529411764706,0.0
Bayern Munich,all,Bundesliga,26,0.6153846153846154,0.2692307692307692,0.11538461538461539,223.0,75.0,53.0,351.0,0.6353276353276354,0.21367521367521367,0.150997150997151
Betis,0,La Liga,9,0.2222222222222222,0.3333333333333333,0.4444444444444444,17.0,66.0,63.0,146.0,0.11643835616438356,0.4520547945205479,0.4315068493150685
Betis,1,La Liga,9,0.6666666666666666,0.1111111111111111,0.2222222222222222,73.0,13.0,28.0,114.0,0.6403508771929824,0.11403508771929824,0.24561403508771928
Betis,2,La Liga,9,0.5555555555555556,0.2222222222222222,0.2222222222222222,79.0,18.0,32.0,129.0,0.6124031007751938,0.13953488372093023,0.24806201550387597
Betis,all,La Liga,27,0.48148148148148145,0.2222222222222222,0.2962962962962963,169.0,97.0,123.0,389.0,0.43444730077120824,0.2493573264781491,0.3161953727506427
Bochum,0,Bundesliga,11,0.2727272727272727,0.09090909090909091,0.6363636363636364,45.0,26.0,86.0,157.0,0.28662420382165604,0.16560509554140126,0.5477707006369427
Bochum,1,Bundesliga,9,0.3333333333333333,0.1111111111111111,0.5555555555555556,53.0,7.0,58.0,118.0,0.4491525423728814,0.059322033898305086,0.4915254237288136
Bochum,2,Bundesliga,6,0.3333333333333333,0.0,0.6666666666666666,35.0,0.0,41.0,76.0,0.4605263157894737,0.0,0.5394736842105263
Bochum,all,Bundesliga,26,0.3076923076923077,0.07692307692307693,0.6153846153846154,133.0,33.0,185.0,351.0,0.3789173789173789,0.09401709401709402,0.5270655270655271
Bologna,0,Serie A,9,0.1111111111111111,0.1111111111111111,0.7777777777777778,24.0,26.0,69.0,119.0,0.20168067226890757,0.2184873949579832,0.5798319327731093
Bologna,1,Serie A,10,0.7,0.0,0.3,113.0,0.0,54.0,167.0,0.6766467065868264,0.0,0.32335329341317365
Bologna,2,Serie A,9,0.3333333333333333,0.6666666666666666,0.0,54.0,66.0,0.0,120.0,0.45,0.55,0.0
Bologna,all,Serie A,28,0.39285714285714285,0.25,0.35714285714285715,191.0,92.0,123.0,406.0,0.47044334975369456,0.22660098522167488,0.30295566502463056
Bournemouth,0,Premier League,12,0.08333333333333333,0.16666666666666666,0.75,1.0,31.0,146.0,178.0,0.0056179775280898875,0.17415730337078653,0.8202247191011236
Bournemouth,1,Premier League,11,0.2727272727272727,0.2727272727272727,0.45454545454545453,80.0,25.0,74.0,179.0,0.44692737430167595,0.13966480446927373,0.4134078212290503
Bournemouth,2,Premier League,6,0.5,0.16666666666666666,0.3333333333333333,32.0,21.0,25.0,78.0,0.41025641025641024,0.2692307692307692,0.32051282051282054
Bournemouth,all,Premier League,29,0.2413793103448276,0.20689655172413793,0.5517241379310345,113.0,77.0,245.0,435.0,0.2597701149425287,0.17701149425287357,0.5632183908045977
Brentford,0,Premier League,10,0.3,0.3,0.4,29.0,69.0,56.0,154.0,0.18831168831168832,0.44805194805194803,0.36363636363636365
Brentford,1,Premier League,9,0.3333333333333333,0.5555555555555556,0.1111111111111111,51.0,76.0,3.0,130.0,0.3923076923076923,0.5846153846153846,0.023076923076923078
Brentford,2,Premier League,10,0.4,0.5,0.1,67.0,57.0,27.0,151.0,0.44370860927152317,0.37748344370860926,0.17880794701986755
Brentford,all,Premier League,29,0.3448275862068966,0.4482758620689655,0.20689655172413793,147.0,202.0,86.0,435.0,0.33793103448275863,0.46436781609195404,0.19770114942528735
Brighton,0,Premier League,6,0.16666666666666666,0.16666666666666666,0.6666666666666666,1.0,2.0,57.0,60.0,0.016666666666666666,0.03333333333333333,0.95
Brighton,1,Premier League,12,0.4166666666666667,0.3333333333333333,0.25,61.0,88.0,40.0,189.0,0.32275132275132273,0.4656084656084656,0.21164021164021163
Brighton,2,Premier League,9,0.7777777777777778,0.2222222222222222,0.0,100.0,33.0,0.0,133.0,0.7518796992481203,0.24812030075187969,0.0
Brighton,all,Premier League,27,0.48148148148148145,0.25925925925925924,0.25925925925925924,162.0,123.0,97.0,382.0,0.42408376963350786,0.3219895287958115,0.25392670157068065
Cadiz,0,La Liga,10,0.1,0.3,0.6,12.0,42.0,67.0,121.0,0.09917355371900827,0.34710743801652894,0.5537190082644629
Cadiz,1,La Liga,11,0.2727272727272727,0.2727272727272727,0.45454545454545453,65.0,48.0,63.0,176.0,0.3693181818181818,0.2727272727272727,0.35795454545454547
Cadiz,2,La Liga,6,0.3333333333333333,0.6666666666666666,0.0,22.0,67.0,0.0,89.0,0.24719101123595505,0.7528089887640449,0.0
Cadiz,all,La Liga,27,0.2222222222222222,0.37037037037037035,0.4074074074074074,99.0,157.0,130.0,386.0,0.25647668393782386,0.4067357512953368,0.33678756476683935
Celta,0,La Liga,10,0.3,0.2,0.5,47.0,40.0,46.0,133.0,0.3533834586466165,0.3007518796992481,0.3458646616541353
Celta,1,La Liga,8,0.25,0.5,0.25,29.0,65.0,31.0,125.0,0.232,0.52,0.248
Celta,2,La Liga,9,0.4444444444444444,0.2222222222222222,0.3333333333333333,71.0,29.0,28.0,128.0,0.5546875,0.2265625,0.21875
Celta,all,La Liga,27,0.3333333333333333,0.2962962962962963,0.37037037037037035,147.0,134.0,105.0,386.0,0.38082901554404147,0.3471502590673575,0.27202072538860106
Chelsea,0,Premier League,9,0.1111111111111111,0.2222222222222222,0.6666666666666666,11.0,15.0,118.0,144.0,0.0763888888888889,0.10416666666666667,0.8194444444444444
Chelsea,1,Premier League,10,0.4,0.4,0.2,65.0,86.0,10.0,161.0,0.40372670807453415,0.5341614906832298,0.062111801242236024
Chelsea,2,Premier League,10,0.5,0.3,0.2,55.0,69.0,29.0,153.0,0.35947712418300654,0.45098039215686275,0.1895424836601307
Chelsea,all,Premier League,29,0.3448275862068966,0.3103448275862069,0.3448275862068966,131.0,170.0,157.0,458.0,0.28602620087336245,0.37117903930131,0.34279475982532753
Cremonese,0,Serie A,11,0.09090909090909091,0.18181818181818182,0.7272727272727273,24.0,20.0,108.0,152.0,0.15789473684210525,0.13157894736842105,0.7105263157894737
Cremonese,1,Serie A,11,0.0,0.45454545454545453,0.5454545454545454,0.0,86.0,88.0,174.0,0.0,0.4942528735632184,0.5057471264367817
Cremonese,2,Serie A,6,0.0,0.5,0.5,0.0,31.0,49.0,80.0,0.0,0.3875,0.6125
Cremonese,all,Serie A,28,0.03571428571428571,0.35714285714285715,0.6071428571428571,24.0,137.0,245.0,406.0,0.059113300492610835,0.3374384236453202,0.603448275862069
Crystal Palace,0,Premier League,13,0.07692307692307693,0.3076923076923077,0.6153846153846154,3.0,57.0,135.0,195.0,0.015384615384615385,0.2923076923076923,0.6923076923076923
Crystal Palace,1,Premier League,9,0.2222222222222222,0.4444444444444444,0.3333333333333333,22.0,56.0,46.0,124.0,0.1774193548387097,0.45161290322580644,0.3709677419354839
Crystal Palace,2,Premier League,7,0.5714285714285714,0.14285714285714285,0.2857142857142857,76.0,11.0,29.0,116.0,0.6551724137931034,0.09482758620689655,0.25
Crystal Palace,all,Premier League,29,0.2413793103448276,0.3103448275862069,0.4482758620689655,101.0,124.0,210.0,435.0,0.23218390804597702,0.2850574712643678,0.4827586206896552
Dortmund,0,Bundesliga,10,0.6,0.1,0.3,75.0,9.0,42.0,126.0,0.5952380952380952,0.07142857142857142,0.3333333333333333
Dortmund,1,Bundesliga,9,0.5555555555555556,0.0,0.4444444444444444,91.0,0.0,40.0,131.0,0.6946564885496184,0.0,0.3053435114503817
Dortmund,2,Bundesliga,7,0.8571428571428571,0.14285714285714285,0.0,70.0,24.0,0.0,94.0,0.7446808510638298,0.2553191489361702,0.0
Dortmund,all,Bundesliga,26,0.6538461538461539,0.07692307692307693,0.2692307692307692,236.0,33.0,82.0,351.0,0.6723646723646723,0.09401709401709402,0.2336182336182336
Ein Frankfurt,0,Bundesliga,9,0.3333333333333333,0.2222222222222222,0.4444444444444444,23.0,35.0,60.0,118.0,0.19491525423728814,0.2966101694915254,0.5084745762711864
Ein Frankfurt,1,Bundesliga,11,0.36363636363636365,0.36363636363636365,0.2727272727272727,49.0,67.0,35.0,151.0,0.32450331125827814,0.44370860927152317,0.23178807947019867
Ein Frankfurt,2,Bundesliga,6,0.6666666666666666,0.3333333333333333,0.0,56.0,26.0,0.0,82.0,0.6829268292682927,0.3170731707317073,0.0
Ein Frankfurt,all,Bundesliga,26,0.4230769230769231,0.3076923076923077,0.2692307692307692,128.0,128.0,95.0,351.0,0.3646723646723647,0.3646723646723647,0.2706552706552707
Elche,0,La Liga,12,0.08333333333333333,0.0,0.9166666666666666,21.0,0.0,145.0,166.0,0.12650602409638553,0.0,0.8734939759036144
Elche,1,La Liga,8,0.125,0.25,0.625,25.0,26.0,68.0,119.0,0.21008403361344538,0.2184873949579832,0.5714285714285714
Elche,2,La Liga,7,0.0,0.7142857142857143,0.2857142857142857,0.0,65.0,36.0,101.0,0.0,0.6435643564356436,0.3564356435643564
Elche,all,La Liga,27,0.07407407407407407,0.25925925925925924,0.6666666666666666,46.0,91.0,249.0,386.0,0.11917098445595854,0.23575129533678757,0.6450777202072538
Empoli,0,Serie A,10,0.1,0.1,0.8,19.0,17.0,123.0,159.0,0.11949685534591195,0.1069182389937107,0.7735849056603774
Empoli,1,Serie A,10,0.3,0.5,0.2,30.0,70.0,51.0,151.0,0.1986754966887417,0.46357615894039733,0.33774834437086093
Empoli,2,Serie A,8,0.375,0.5,0.125,61.0,34.0,1.0,96.0,0.6354166666666666,0.3541666666666667,0.010416666666666666
Empoli,all,Serie A,28,0.25,0.35714285714285715,0.39285714285714285,110.0,121.0,175.0,406.0,0.270935960591133,0.29802955665024633,0.43103448275862066
Espanol,0,La Liga,9,0.2222222222222222,0.2222222222222222,0.5555555555555556,22.0,28.0,71.0,121.0,0.18181818181818182,0.23140495867768596,0.5867768595041323
Espanol,1,La Liga,11,0.18181818181818182,0.36363636363636365,0.45454545454545453,41.0,50.0,72.0,163.0,0.25153374233128833,0.3067484662576687,0.44171779141104295
Espanol,2,La Liga,7,0.2857142857142857,0.42857142857142855,0.2857142857142857,32.0,26.0,44.0,102.0,0.3137254901960784,0.2549019607843137,0.43137254901960786
Espanol,all,La Liga,27,0.2222222222222222,0.3333333333333333,0.4444444444444444,95.0,104.0,187.0,386.0,0.24611398963730569,0.2694300518134715,0.4844559585492228
Everton,0,Premier League,10,0.1,0.2,0.7,22.0,47.0,86.0,155.0,0.14193548387096774,0.3032258064516129,0.5548387096774193
Everton,1,Premier League,11,0.2727272727272727,0.45454545454545453,0.2727272727272727,64.0,57.0,41.0,162.0,0.3950617283950617,0.35185185185185186,0.25308641975308643
Everton,2,Premier League,8,0.25,0.25,0.5,17.0,29.0,72.0,118.0,0.1440677966101695,0.2457627118644068,0.6101694915254238
Everton,all,Premier League,29,0.20689655172413793,0.3103448275862069,0.4827586206896552,103.0,133.0,199.0,435.0,0.2367816091954023,0.3057471264367816,0.4574712643678161
FC Koln,0,Bundesliga,11,0.18181818181818182,0.45454545454545453,0.36363636363636365,28.0,64.0,58.0,150.0,0.18666666666666668,0.4266666666666667,0.38666666666666666
FC Koln,1,Bundesliga,9,0.3333333333333333,0.2222222222222222,0.4444444444444444,31.0,33.0,66.0,130.0,0.23846153846153847,0.25384615384615383,0.5076923076923077
FC Koln,2,Bundesliga,6,0.16666666666666666,0.5,0.3333333333333333,1.0,34.0,36.0,71.0,0.014084507042253521,0.4788732394366197,0.5070422535211268
FC Koln,all,Bundesliga,26,0.23076923076923078,0.38461538461538464,0.38461538461538464,60.0,131.0,160.0,351.0,0.17094017094017094,0.3732193732193732,0.45584045584045585
Fiorentina,0,Serie A,11,0.18181818181818182,0.2727272727272727,0.5454545454545454,53.0,28.0,83.0,164.0,0.3231707317073171,0.17073170731707318,0.5060975609756098
Fiorentina,1,Serie A,8,0.125,0.375,0.5,17.0,41.0,50.0,108.0,0.1574074074074074,0.37962962962962965,0.46296296296296297
Fiorentina,2,Serie A,9,0.8888888888888888,0.1111111111111111,0.0,124.0,10.0,0.0,134.0,0.9253731343283582,0.07462686567164178,0.0
Fiorentina,all,Serie A,28,0.39285714285714285,0.25,0.35714285714285715,194.0,79.0,133.0,406.0,0.47783251231527096,0.19458128078817735,0.3275862068965517
Freiburg,0,Bundesliga,8,0.25,0.25,0.5,20.0,39.0,45.0,104.0,0.19230769230769232,0.375,0.4326923076923077
Freiburg,1,Bundesliga,11,0.6363636363636364,0.2727272727272727,0.09090909090909091,76.0,54.0,16.0,146.0,0.5205479452054794,0.3698630136986301,0.1095890410958904
Freiburg,2,Bundesliga,7,0.5714285714285714,0.42857142857142855,0.0,59.0,42.0,0.0,101.0,0.5841584158415841,0.4158415841584158,0.0
Freiburg,all,Bundesliga,26,0.5,0.3076923076923077,0.19230769230769232,155.0,135.0,61.0,351.0,0.4415954415954416,0.38461538461538464,0.1737891737891738
Fulham,0,Premier League,11,0.2727272727272727,0.0,0.7272727272727273,41.0,0.0,118.0,159.0,0.2578616352201258,0.0,0.7421383647798742
Fulham,1,Premier League,9,0.4444444444444444,0.4444444444444444,0.1111111111111111,40.0,50.0,26.0,116.0,0.3448275862068966,0.43103448275862066,0.22413793103448276
Fulham,2,Premier League,8,0.5,0.25,0.25,68.0,25.0,39.0,132.0,0.5151515151515151,0.1893939393939394,0.29545454545454547
Fulham,all,Premier League,28,0.39285714285714285,0.21428571428571427,0.39285714285714285,149.0,75.0,183.0,407.0,0.36609336609336607,0.18427518427518427,0.44963144963144963
Getafe,0,La Liga,10,0.1,0.4,0.5,5.0,62.0,70.0,137.0,0.0364963503649635,0.45255474452554745,0.5109489051094891
Getafe,1,La Liga,9,0.4444444444444444,0.3333333333333333,0.2222222222222222,73.0,42.0,18.0,133.0,0.5488721804511278,0.3157894736842105,0.13533834586466165
Getafe,2,La Liga,8,0.25,0.25,0.5,35.0,39.0,42.0,116.0,0.3017241379310345,0.33620689655172414,0.3620689655172414
Getafe,all,La Liga,27,0.25925925925925924,0.3333333333333333,0.4074074074074074,113.0,143.0,130.0,386.0,0.2927461139896373,0.3704663212435233,0.33678756476683935
Girona,0,La Liga,9,0.2222222222222222,0.1111111111111111,0.6666666666666666,37.0,12.0,84.0,133.0,0.2781954887218045,0.09022556390977443,0.631578947368421
Girona,1,La Liga,8,0.25,0.5,0.25,19.0,57.0,28.0,104.0,0.18269230769230768,0.5480769230769231,0.2692307692307692
Girona,2,La Liga,10,0.5,0.2,0.3,91.0,25.0,33.0,149.0,0.610738255033557,0.16778523489932887,0.2214765100671141
Girona,all,La Liga,27,0.3333333333333333,0.25925925925925924,0.4074074074074074,147.0,94.0,145.0,386.0,0.38082901554404147,0.24352331606217617,0.3756476683937824
Hertha,0,Bundesliga,12,0.0,0.3333333333333333,0.6666666666666666,0.0,43.0,109.0,152.0,0.0,0.28289473684210525,0.7171052631578947
Hertha,1,Bundesliga,10,0.4,0.2,0.4,62.0,31.0,48.0,141.0,0.4397163120567376,0.2198581560283688,0.3404255319148936
Hertha,2,Bundesliga,4,0.25,0.25,0.5,11.0,8.0,39.0,58.0,0.1896551724137931,0.13793103448275862,0.6724137931034483
Hertha,all,Bundesliga,26,0.19230769230769232,0.2692307692307692,0.5384615384615384,73.0,82.0,196.0,351.0,0.20797720797720798,0.2336182336182336,0.5584045584045584
Hoffenheim,0,Bundesliga,10,0.1,0.1,0.8,3.0,7.0,125.0,135.0,0.022222222222222223,0.05185185185185185,0.9259259259259259
Hoffenheim,1,Bundesliga,12,0.3333333333333333,0.08333333333333333,0.5833333333333334,38.0,12.0,106.0,156.0,0.24358974358974358,0.07692307692307693,0.6794871794871795
Hoffenheim,2,Bundesliga,4,0.5,0.5,0.0,35.0,25.0,0.0,60.0,0.5833333333333334,0.4166666666666667,0.0
Hoffenheim,all,Bundesliga,26,0.2692307692307692,0.15384615384615385,0.5769230769230769,76.0,44.0,231.0,351.0,0.21652421652421652,0.12535612535612536,0.6581196581196581
Inter,0,Serie A,8,0.375,0.0,0.625,52.0,0.0,56.0,108.0,0.48148148148148145,0.0,0.5185185185185185
Inter,1,Serie A,10,0.5,0.1,0.4,63.0,17.0,78.0,158.0,0.3987341772151899,0.10759493670886076,0.4936708860759494
Inter,2,Serie A,10,0.8,0.1,0.1,92.0,22.0,26.0,140.0,0.6571428571428571,0.15714285714285714,0.18571428571428572
Inter,all,Serie A,28,0.5714285714285714,0.07142857142857142,0.35714285714285715,207.0,39.0,160.0,406.0,0.5098522167487685,0.0960591133004926,0.39408866995073893
Juventus,0,Serie A,8,0.375,0.25,0.375,55.0,22.0,52.0,129.0,0.4263565891472868,0.17054263565891473,0.40310077519379844
Juventus,1,Serie A,10,0.7,0.1,0.2,93.0,5.0,27.0,125.0,0.744,0.04,0.216
Juventus,2,Serie A,10,0.8,0.2,0.0,144.0,8.0,0.0,152.0,0.9473684210526315,0.05263157894736842,0.0
Juventus,all,Serie A,28,0.6428571428571429,0.17857142857142858,0.17857142857142858,292.0,35.0,79.0,406.0,0.7192118226600985,0.08620689655172414,0.19458128078817735
Lazio,0,Serie A,9,0.6666666666666666,0.0,0.3333333333333333,98.0,0.0,42.0,140.0,0.7,0.0,0.3
Lazio,1,Serie A,10,0.5,0.5,0.0,70.0,75.0,0.0,145.0,0.4827586206896552,0.5172413793103449,0.0
Lazio,2,Serie A,9,0.5555555555555556,0.2222222222222222,0.2222222222222222,68.0,25.0,28.0,121.0,0.5619834710743802,0.2066115702479339,0.23140495867768596
Lazio,all,Serie A,28,0.5714285714285714,0.25,0.17857142857142858,236.0,100.0,70.0,406.0,0.5812807881773399,0.24630541871921183,0.1724137931034483
Lecce,0,Serie A,10,0.3,0.3,0.4,53.0,44.0,47.0,144.0,0.3680555555555556,0.3055555555555556,0.3263888888888889
Lecce,1,Serie A,11,0.0,0.36363636363636365,0.6363636363636364,0.0,32.0,123.0,155.0,0.0,0.2064516129032258,0.7935483870967742
Lecce,2,Serie A,7,0.42857142857142855,0.2857142857142857,0.2857142857142857,43.0,25.0,39.0,107.0,0.40186915887850466,0.2336448598130841,0.3644859813084112
Lecce,all,Serie A,28,0.21428571428571427,0.32142857142857145,0.4642857142857143,96.0,101.0,209.0,406.0,0.23645320197044334,0.24876847290640394,0.5147783251231527
Leeds,0,Premier League,11,0.0,0.36363636363636365,0.6363636363636364,0.0,62.0,120.0,182.0,0.0,0.34065934065934067,0.6593406593406593
Leeds,1,Premier League,9,0.4444444444444444,0.1111111111111111,0.4444444444444444,46.0,21.0,55.0,122.0,0.3770491803278688,0.1721311475409836,0.45081967213114754
Leeds,2,Premier League,9,0.3333333333333333,0.3333333333333333,0.3333333333333333,47.0,26.0,58.0,131.0,0.35877862595419846,0.1984732824427481,0.44274809160305345
Leeds,all,Premier League,29,0.2413793103448276,0.27586206896551724,0.4827586206896552,93.0,109.0,233.0,435.0,0.21379310344827587,0.25057471264367814,0.535632183908046
Leicester,0,Premier League,12,0.16666666666666666,0.08333333333333333,0.75,45.0,21.0,108.0,174.0,0.25862068965517243,0.1206896551724138,0.6206896551724138
Leicester,1,Premier League,10,0.2,0.3,0.5,25.0,40.0,97.0,162.0,0.15432098765432098,0.24691358024691357,0.5987654320987654
Leicester,2,Premier League,7,0.42857142857142855,0.0,0.5714285714285714,40.0,0.0,59.0,99.0,0.40404040404040403,0.0,0.5959595959595959
Leicester,all,Premier League,29,0.2413793103448276,0.13793103448275862,0.6206896551724138,110.0,61.0,264.0,435.0,0.25287356321839083,0.14022988505747128,0.6068965517241379
Leverkusen,0,Bundesliga,9,0.2222222222222222,0.1111111111111111,0.6666666666666666,38.0,22.0,54.0,114.0,0.3333333333333333,0.19298245614035087,0.47368421052631576
Leverkusen,1,Bundesliga,10,0.5,0.2,0.3,75.0,18.0,42.0,135.0,0.5555555555555556,0.13333333333333333,0.3111111111111111
Leverkusen,2,Bundesliga,7,0.7142857142857143,0.14285714285714285,0.14285714285714285,93.0,6.0,3.0,102.0,0.9117647058823529,0.058823529411764705,0.029411764705882353
Leverkusen,all,Bundesliga,26,0.46153846153846156,0.15384615384615385,0.38461538461538464,206.0,46.0,99.0,351.0,0.5868945868945868,0.13105413105413105,0.28205128205128205
Liverpool,0,Premier League,11,0.5454545454545454,0.09090909090909091,0.36363636363636365,98.0,9.0,62.0,169.0,0.5798816568047337,0.05325443786982249,0.3668639053254438
Liverpool,1,Premier League,9,0.1111111111111111,0.5555555555555556,0.3333333333333333,7.0,80.0,55.0,142.0,0.04929577464788732,0.5633802816901409,0.3873239436619718
Liverpool,2,Premier League,8,0.625,0.125,0.25,73.0,6.0,40.0,119.0,0.6134453781512605,0.05042016806722689,0.33613445378151263
Liverpool,all,Premier League,28,0.42857142857142855,0.25,0.32142857142857145,178.0,95.0,157.0,430.0,0.413953488372093,0.22093023255813954,0.36511627906976746
M'gladbach,0,Bundesliga,10,0.3,0.3,0.4,43.0,33.0,63.0,139.0,0.30935251798561153,0.23741007194244604,0.45323741007194246
M'gladbach,1,Bundesliga,9,0.1111111111111111,0.3333333333333333,0.5555555555555556,9.0,61.0,66.0,136.0,0.0661764705882353,0.4485294117647059,0.4852941176470588
M'gladbach,2,Bundesliga,7,0.5714285714285714,0.2857142857142857,0.14285714285714285,35.0,21.0,20.0,76.0,0.4605263157894737,0.27631578947368424,0.2631578947368421
M'gladbach,all,Bundesliga,26,0.3076923076923077,0.3076923076923077,0.38461538461538464,87.0,115.0,149.0,351.0,0.24786324786324787,0.32763532763532766,0.42450142450142453
Mainz,0,Bundesliga,11,0.18181818181818182,0.36363636363636365,0.45454545454545453,47.0,51.0,60.0,158.0,0.2974683544303797,0.3227848101265823,0.379746835443038
Mainz,1,Bundesliga,9,0.8888888888888888,0.0,0.1111111111111111,90.0,0.0,13.0,103.0,0.8737864077669902,0.0,0.1262135922330097
Mainz,2,Bundesliga,6,0.16666666666666666,0.5,0.3333333333333333,23.0,47.0,20.0,90.0,0.25555555555555554,0.5222222222222223,0.2222222222222222
Mainz,all,Bundesliga,26,0.4230769230769231,0.2692307692307692,0.3076923076923077,160.0,98.0,93.0,351.0,0.45584045584045585,0.2792022792022792,0.26495726495726496
Mallorca,0,La Liga,11,0.36363636363636365,0.18181818181818182,0.45454545454545453,71.0,27.0,51.0,149.0,0.47651006711409394,0.18120805369127516,0.3422818791946309
Mallorca,1,La Liga,8,0.25,0.25,0.5,21.0,32.0,63.0,116.0,0.1810344827586207,0.27586206896551724,0.5431034482758621
Mallorca,2,La Liga,8,0.375,0.25,0.375,33.0,20.0,68.0,121.0,0.2727272727272727,0.1652892561983471,0.5619834710743802
Mallorca,all,La Liga,27,0.3333333333333333,0.2222222222222222,0.4444444444444444,125.0,79.0,182.0,386.0,0.3238341968911917,0.20466321243523317,0.47150259067357514
Man City,0,Premier League,10,0.6,0.2,0.2,90.0,9.0,42.0,141.0,0.6382978723404256,0.06382978723404255,0.2978723404255319
Man City,1,Premier League,10,0.8,0.0,0.2,140.0,0.0,27.0,167.0,0.8383233532934131,0.0,0.16167664670658682
Man City,2,Premier League,8,0.75,0.25,0.0,57.0,42.0,0.0,99.0,0.5757575757575758,0.42424242424242425,0.0
Man City,all,Premier League,28,0.7142857142857143,0.14285714285714285,0.14285714285714285,287.0,51.0,69.0,407.0,0.7051597051597052,0.12530712530712532,0.16953316953316952
Man United,0,Premier League,9,0.3333333333333333,0.1111111111111111,0.5555555555555556,38.0,11.0,75.0,124.0,0.3064516129032258,0.08870967741935484,0.6048387096774194
Man United,1,Premier League,11,0.5454545454545454,0.2727272727272727,0.18181818181818182,107.0,28.0,28.0,163.0,0.656441717791411,0.17177914110429449,0.17177914110429449
Man United,2,Premier League,8,0.875,0.125,0.0,93.0,27.0,0.0,120.0,0.775,0.225,0.0
Man United,all,Premier League,28,0.5714285714285714,0.17857142857142858,0.25,238.0,66.0,103.0,407.0,0.5847665847665847,0.16216216216216217,0.25307125307125306
Milan,0,Serie A,9,0.4444444444444444,0.2222222222222222,0.3333333333333333,66.0,19.0,47.0,132.0,0.5,0.14393939393939395,0.3560606060606061
Milan,1,Serie A,12,0.5833333333333334,0.08333333333333333,0.3333333333333333,83.0,4.0,84.0,171.0,0.4853801169590643,0.023391812865497075,0.49122807017543857
Milan,2,Serie A,7,0.5714285714285714,0.42857142857142855,0.0,45.0,58.0,0.0,103.0,0.4368932038834951,0.5631067961165048,0.0
Milan,all,Serie A,28,0.5357142857142857,0.21428571428571427,0.25,194.0,81.0,131.0,406.0,0.47783251231527096,0.19950738916256158,0.3226600985221675
Monza,0,Serie A,10,0.2,0.1,0.7,27.0,17.0,87.0,131.0,0.20610687022900764,0.1297709923664122,0.6641221374045801
Monza,1,Serie A,8,0.25,0.25,0.5,47.0,35.0,26.0,108.0,0.4351851851851852,0.32407407407407407,0.24074074074074073
Monza,2,Serie A,10,0.5,0.4,0.1,63.0,80.0,24.0,167.0,0.3772455089820359,0.47904191616766467,0.1437125748502994
Monza,all,Serie A,28,0.32142857142857145,0.25,0.42857142857142855,137.0,132.0,137.0,406.0,0.3374384236453202,0.3251231527093596,0.3374384236453202
Napoli,0,Serie A,10,0.7,0.0,0.3,100.0,0.0,69.0,169.0,0.591715976331361,0.0,0.40828402366863903
Napoli,1,Serie A,10,0.9,0.1,0.0,135.0,3.0,0.0,138.0,0.9782608695652174,0.021739130434782608,0.0
Napoli,2,Serie A,8,0.875,0.125,0.0,95.0,4.0,0.0,99.0,0.9595959595959596,0.04040404040404041,0.0
Napoli,all,Serie A,28,0.8214285714285714,0.07142857142857142,0.10714285714285714,330.0,7.0,69.0,406.0,0.812807881773399,0.017241379310344827,0.16995073891625614
Newcastle,0,Premier League,8,0.375,0.5,0.125,56.0,35.0,26.0,117.0,0.47863247863247865,0.29914529914529914,0.2222222222222222
Newcastle,1,Premier League,11,0.45454545454545453,0.36363636363636365,0.18181818181818182,82.0,49.0,29.0,160.0,0.5125,0.30625,0.18125
Newcastle,2,Premier League,9,0.6666666666666666,0.3333333333333333,0.0,103.0,53.0,0.0,156.0,0.6602564102564102,0.33974358974358976,0.0
Newcastle,all,Premier League,28,0.5,0.39285714285714285,0.10714285714285714,241.0,137.0,55.0,433.0,0.5565819861431871,0.3163972286374134,0.12702078521939955
Nott'm Forest,0,Premier League,10,0.0,0.3,0.7,0.0,46.0,96.0,142.0,0.0,0.323943661971831,0.676056338028169
Nott'm Forest,1,Premier League,10,0.3,0.3,0.4,51.0,62.0,49.0,162.0,0.3148148148148148,0.38271604938271603,0.30246913580246915
Nott'm Forest,2,Premier League,9,0.3333333333333333,0.3333333333333333,0.3333333333333333,41.0,50.0,40.0,131.0,0.31297709923664124,0.3816793893129771,0.3053435114503817
Nott'm Forest,all,Premier League,29,0.20689655172413793,0.3103448275862069,0.4827586206896552,92.0,158.0,185.0,435.0,0.21149425287356322,0.3632183908045977,0.42528735632183906
Osasuna,0,La Liga,9,0.0,0.2222222222222222,0.7777777777777778,0.0,23.0,110.0,133.0,0.0,0.17293233082706766,0.8270676691729323
Osasuna,1,La Liga,9,0.5555555555555556,0.3333333333333333,0.1111111111111111,59.0,64.0,6.0,129.0,0.4573643410852713,0.49612403100775193,0.046511627906976744
Osasuna,2,La Liga,9,0.4444444444444444,0.3333333333333333,0.2222222222222222,29.0,61.0,34.0,124.0,0.23387096774193547,0.49193548387096775,0.27419354838709675
Osasuna,all,La Liga,27,0.3333333333333333,0.2962962962962963,0.37037037037037035,88.0,148.0,150.0,386.0,0.22797927461139897,0.38341968911917096,0.38860103626943004
RB Leipzig,0,Bundesliga,9,0.4444444444444444,0.1111111111111111,0.4444444444444444,54.0,16.0,51.0,121.0,0.4462809917355372,0.1322314049586777,0.4214876033057851
RB Leipzig,1,Bundesliga,12,0.4166666666666667,0.3333333333333333,0.25,72.0,41.0,58.0,171.0,0.42105263157894735,0.23976608187134502,0.3391812865497076
RB Leipzig,2,Bundesliga,5,0.8,0.2,0.0,58.0,1.0,0.0,59.0,0.9830508474576272,0.01694915254237288,0.0
RB Leipzig,all,Bundesliga,26,0.5,0.23076923076923078,0.2692307692307692,184.0,58.0,109.0,351.0,0.5242165242165242,0.16524216524216523,0.31054131054131057
Real Madrid,0,La Liga,9,0.4444444444444444,0.3333333333333333,0.2222222222222222,37.0,68.0,43.0,148.0,0.25,0.4594594594594595,0.2905405405405405
Real Madrid,1,La Liga,9,0.5555555555555556,0.2222222222222222,0.2222222222222222,49.0,19.0,34.0,102.0,0.4803921568627451,0.18627450980392157,0.3333333333333333
Real Madrid,2,La Liga,9,1.0,0.0,0.0,136.0,0.0,0.0,136.0,1.0,0.0,0.0
Real Madrid,all,La Liga,27,0.6666666666666666,0.18518518518518517,0.14814814814814814,222.0,87.0,77.0,386.0,0.5751295336787565,0.22538860103626943,0.19948186528497408
Roma,0,Serie A,9,0.2222222222222222,0.2222222222222222,0.5555555555555556,33.0,20.0,78.0,131.0,0.25190839694656486,0.15267175572519084,0.5954198473282443
Roma,1,Serie A,9,0.5555555555555556,0.2222222222222222,0.2222222222222222,65.0,29.0,31.0,125.0,0.52,0.232,0.248
Roma,2,Serie A,10,0.8,0.1,0.1,104.0,22.0,24.0,150.0,0.6933333333333334,0.14666666666666667,0.16
Roma,all,Serie A,28,0.5357142857142857,0.17857142857142858,0.2857142857142857,202.0,71.0,133.0,406.0,0.4975369458128079,0.1748768472906404,0.3275862068965517
Salernitana,0,Serie A,10,0.1,0.2,0.7,12.0,32.0,108.0,152.0,0.07894736842105263,0.21052631578947367,0.7105263157894737
Salernitana,1,Serie A,9,0.1111111111111111,0.5555555555555556,0.3333333333333333,24.0,55.0,37.0,116.0,0.20689655172413793,0.47413793103448276,0.31896551724137934
Salernitana,2,Serie A,9,0.4444444444444444,0.3333333333333333,0.2222222222222222,43.0,66.0,29.0,138.0,0.3115942028985507,0.4782608695652174,0.21014492753623187
Salernitana,all,Serie A,28,0.21428571428571427,0.35714285714285715,0.42857142857142855,79.0,153.0,174.0,406.0,0.19458128078817735,0.3768472906403941,0.42857142857142855
Sampdoria,0,Serie A,12,0.0,0.25,0.75,0.0,28.0,144.0,172.0,0.0,0.16279069767441862,0.8372093023255814
Sampdoria,1,Serie A,9,0.1111111111111111,0.2222222222222222,0.6666666666666666,16.0,30.0,95.0,141.0,0.11347517730496454,0.2127659574468085,0.6737588652482269
Sampdoria,2,Serie A,7,0.2857142857142857,0.14285714285714285,0.5714285714285714,38.0,25.0,30.0,93.0,0.40860215053763443,0.26881720430107525,0.3225806451612903
Sampdoria,all,Serie A,28,0.10714285714285714,0.21428571428571427,0.6785714285714286,54.0,83.0,269.0,406.0,0.1330049261083744,0.2044334975369458,0.6625615763546798
Sassuolo,0,Serie A,11,0.2727272727272727,0.18181818181818182,0.5454545454545454,67.0,18.0,73.0,158.0,0.4240506329113924,0.11392405063291139,0.4620253164556962
Sassuolo,1,Serie A,8,0.125,0.375,0.5,7.0,69.0,51.0,127.0,0.05511811023622047,0.5433070866141733,0.4015748031496063
Sassuolo,2,Serie A,9,0.6666666666666666,0.2222222222222222,0.1111111111111111,97.0,8.0,16.0,121.0,0.8016528925619835,0.06611570247933884,0.1322314049586777
Sassuolo,all,Serie A,28,0.35714285714285715,0.25,0.39285714285714285,171.0,95.0,140.0,406.0,0.4211822660098522,0.23399014778325122,0.3448275862068966
Schalke 04,0,Bundesliga,10,0.0,0.2,0.8,0.0,45.0,106.0,151.0,0.0,0.2980132450331126,0.7019867549668874
Schalke 04,1,Bundesliga,12,0.25,0.5,0.25,43.0,87.0,22.0,152.0,0.28289473684210525,0.5723684210526315,0.14473684210526316
Schalke 04,2,Bundesliga,4,0.25,0.25,0.5,22.0,5.0,21.0,48.0,0.4583333333333333,0.10416666666666667,0.4375
Schalke 04,all,Bundesliga,26,0.15384615384615385,0.34615384615384615,0.5,65.0,137.0,149.0,351.0,0.18518518518518517,0.3903133903133903,0.42450142450142453
Sevilla,0,La Liga,9,0.0,0.3333333333333333,0.6666666666666666,0.0,27.0,82.0,109.0,0.0,0.24770642201834864,0.7522935779816514
Sevilla,1,La Liga,10,0.3,0.2,0.5,47.0,38.0,81.0,166.0,0.28313253012048195,0.2289156626506024,0.4879518072289157
Sevilla,2,La Liga,8,0.625,0.25,0.125,96.0,12.0,3.0,111.0,0.8648648648648649,0.10810810810810811,0.02702702702702703
Sevilla,all,La Liga,27,0.2962962962962963,0.25925925925925924,0.4444444444444444,143.0,77.0,166.0,386.0,0.3704663212435233,0.19948186528497408,0.43005181347150256
Sociedad,0,La Liga,7,0.2857142857142857,0.2857142857142857,0.42857142857142855,25.0,23.0,42.0,90.0,0.2777777777777778,0.25555555555555554,0.4666666666666667
Sociedad,1,La Liga,9,0.6666666666666666,0.2222222222222222,0.1111111111111111,73.0,49.0,5.0,127.0,0.5748031496062992,0.3858267716535433,0.03937007874015748
Sociedad,2,La Liga,11,0.5454545454545454,0.18181818181818182,0.2727272727272727,75.0,38.0,56.0,169.0,0.4437869822485207,0.22485207100591717,0.33136094674556216
Sociedad,all,La Liga,27,0.5185185185185185,0.2222222222222222,0.25925925925925924,173.0,110.0,103.0,386.0,0.4481865284974093,0.2849740932642487,0.266839378238342
Southampton,0,Premier League,10,0.0,0.3,0.7,0.0,68.0,76.0,144.0,0.0,0.4722222222222222,0.5277777777777778
Southampton,1,Premier League,11,0.18181818181818182,0.09090909090909091,0.7272727272727273,29.0,2.0,131.0,162.0,0.17901234567901234,0.012345679012345678,0.808641975308642
Southampton,2,Premier League,8,0.5,0.125,0.375,61.0,11.0,57.0,129.0,0.4728682170542636,0.08527131782945736,0.4418604651162791
Southampton,all,Premier League,29,0.20689655172413793,0.1724137931034483,0.6206896551724138,90.0,81.0,264.0,435.0,0.20689655172413793,0.18620689655172415,0.6068965517241379
Spezia,0,Serie A,10,0.1,0.1,0.8,26.0,16.0,96.0,138.0,0.18840579710144928,0.11594202898550725,0.6956521739130435
Spezia,1,Serie A,11,0.18181818181818182,0.45454545454545453,0.36363636363636365,19.0,68.0,68.0,155.0,0.12258064516129032,0.43870967741935485,0.43870967741935485
Spezia,2,Serie A,7,0.2857142857142857,0.5714285714285714,0.14285714285714285,22.0,80.0,11.0,113.0,0.19469026548672566,0.7079646017699115,0.09734513274336283
Spezia,all,Serie A,28,0.17857142857142858,0.35714285714285715,0.4642857142857143,67.0,164.0,175.0,406.0,0.16502463054187191,0.4039408866995074,0.43103448275862066
Stuttgart,0,Bundesliga,12,0.0,0.25,0.75,0.0,31.0,132.0,163.0,0.0,0.1901840490797546,0.8098159509202454
Stuttgart,1,Bundesliga,10,0.3,0.3,0.4,43.0,22.0,65.0,130.0,0.33076923076923076,0.16923076923076924,0.5
Stuttgart,2,Bundesliga,4,0.25,0.5,0.25,14.0,22.0,22.0,58.0,0.2413793103448276,0.3793103448275862,0.3793103448275862
Stuttgart,all,Bundesliga,26,0.15384615384615385,0.3076923076923077,0.5384615384615384,57.0,75.0,219.0,351.0,0.1623931623931624,0.21367521367521367,0.6239316239316239
Torino,0,Serie A,10,0.1,0.2,0.7,12.0,17.0,101.0,130.0,0.09230769230769231,0.13076923076923078,0.7769230769230769
Torino,1,Serie A,10,0.5,0.3,0.2,77.0,57.0,20.0,154.0,0.5,0.37012987012987014,0.12987012987012986
Torino,2,Serie A,8,0.5,0.375,0.125,48.0,56.0,18.0,122.0,0.39344262295081966,0.45901639344262296,0.14754098360655737
Torino,all,Serie A,28,0.35714285714285715,0.2857142857142857,0.35714285714285715,137.0,130.0,139.0,406.0,0.3374384236453202,0.32019704433497537,0.34236453201970446
Tottenham,0,Premier League,8,0.25,0.0,0.75,32.0,0.0,79.0,111.0,0.2882882882882883,0.0,0.7117117117117117
Tottenham,1,Premier League,10,0.6,0.2,0.2,90.0,19.0,41.0,150.0,0.6,0.12666666666666668,0.2733333333333333
Tottenham,2,Premier League,11,0.6363636363636364,0.2727272727272727,0.09090909090909091,89.0,62.0,23.0,174.0,0.5114942528735632,0.3563218390804598,0.13218390804597702
Tottenham,all,Premier League,29,0.5172413793103449,0.1724137931034483,0.3103448275862069,211.0,81.0,143.0,435.0,0.4850574712643678,0.18620689655172415,0.32873563218390806
Udinese,0,Serie A,10,0.3,0.3,0.4,39.0,44.0,56.0,139.0,0.2805755395683453,0.31654676258992803,0.4028776978417266
Udinese,1,Serie A,10,0.4,0.2,0.4,39.0,38.0,78.0,155.0,0.25161290322580643,0.24516129032258063,0.5032258064516129
Udinese,2,Serie A,8,0.25,0.75,0.0,27.0,85.0,0.0,112.0,0.24107142857142858,0.7589285714285714,0.0
Udinese,all,Serie A,28,0.32142857142857145,0.39285714285714285,0.2857142857142857,105.0,167.0,134.0,406.0,0.25862068965517243,0.41133004926108374,0.33004926108374383
Union Berlin,0,Bundesliga,9,0.4444444444444444,0.1111111111111111,0.4444444444444444,58.0,5.0,58.0,121.0,0.4793388429752066,0.04132231404958678,0.4793388429752066
Union Berlin,1,Bundesliga,10,0.5,0.4,0.1,61.0,63.0,11.0,135.0,0.45185185185185184,0.4666666666666667,0.08148148148148149
Union Berlin,2,Bundesliga,7,0.8571428571428571,0.14285714285714285,0.0,74.0,21.0,0.0,95.0,0.7789473684210526,0.22105263157894736,0.0
Union Berlin,all,Bundesliga,26,0.5769230769230769,0.23076923076923078,0.19230769230769232,193.0,89.0,69.0,351.0,0.5498575498575499,0.2535612535612536,0.19658119658119658
Valencia,0,La Liga,11,0.18181818181818182,0.09090909090909091,0.7272727272727273,38.0,13.0,123.0,174.0,0.21839080459770116,0.07471264367816093,0.7068965517241379
Valencia,1,La Liga,11,0.45454545454545453,0.18181818181818182,0.36363636363636365,45.0,38.0,60.0,143.0,0.3146853146853147,0.26573426573426573,0.4195804195804196
Valencia,2,La Liga,5,0.0,0.6,0.4,0.0,34.0,35.0,69.0,0.0,0.4927536231884058,0.5072463768115942
Valencia,all,La Liga,27,0.25925925925925924,0.2222222222222222,0.5185185185185185,83.0,85.0,218.0,386.0,0.21502590673575128,0.22020725388601037,0.5647668393782384
Valladolid,0,La Liga,11,0.18181818181818182,0.09090909090909091,0.7272727272727273,32.0,8.0,129.0,169.0,0.1893491124260355,0.047337278106508875,0.7633136094674556
Valladolid,1,La Liga,9,0.2222222222222222,0.2222222222222222,0.5555555555555556,17.0,24.0,74.0,115.0,0.14782608695652175,0.20869565217391303,0.6434782608695652
Valladolid,2,La Liga,7,0.5714285714285714,0.14285714285714285,0.2857142857142857,61.0,26.0,15.0,102.0,0.5980392156862745,0.2549019607843137,0.14705882352941177
Valladolid,all,La Liga,27,0.2962962962962963,0.14814814814814814,0.5555555555555556,110.0,58.0,218.0,386.0,0.2849740932642487,0.15025906735751296,0.5647668393782384
Vallecano,0,La Liga,8,0.25,0.375,0.375,32.0,36.0,40.0,108.0,0.2962962962962963,0.3333333333333333,0.37037037037037035
Vallecano,1,La Liga,10,0.1,0.6,0.3,12.0,110.0,33.0,155.0,0.07741935483870968,0.7096774193548387,0.2129032258064516
Vallecano,2,La Liga,9,0.6666666666666666,0.1111111111111111,0.2222222222222222,63.0,28.0,32.0,123.0,0.5121951219512195,0.22764227642276422,0.2601626016260163
Vallecano,all,La Liga,27,0.3333333333333333,0.37037037037037035,0.2962962962962963,107.0,174.0,105.0,386.0,0.2772020725388601,0.45077720207253885,0.27202072538860106
Verona,0,Serie A,10,0.0,0.1,0.9,0.0,21.0,115.0,136.0,0.0,0.15441176470588236,0.8455882352941176
Verona,1,Serie A,10,0.0,0.5,0.5,0.0,68.0,63.0,131.0,0.0,0.5190839694656488,0.48091603053435117
Verona,2,Serie A,8,0.5,0.125,0.375,63.0,25.0,51.0,139.0,0.45323741007194246,0.17985611510791366,0.3669064748201439
Verona,all,Serie A,28,0.14285714285714285,0.25,0.6071428571428571,63.0,114.0,229.0,406.0,0.15517241379310345,0.28078817733990147,0.5640394088669951
Villarreal,0,La Liga,9,0.3333333333333333,0.1111111111111111,0.5555555555555556,46.0,26.0,57.0,129.0,0.35658914728682173,0.20155038759689922,0.4418604651162791
Villarreal,1,La Liga,10,0.4,0.3,0.3,78.0,26.0,55.0,159.0,0.49056603773584906,0.16352201257861634,0.34591194968553457
Villarreal,2,La Liga,8,0.75,0.125,0.125,70.0,7.0,21.0,98.0,0.7142857142857143,0.07142857142857142,0.21428571428571427
Villarreal,all,La Liga,27,0.48148148148148145,0.18518518518518517,0.3333333333333333,194.0,59.0,133.0,386.0,0.5025906735751295,0.15284974093264247,0.344559585492228
Werder Bremen,0,Bundesliga,10,0.1,0.1,0.8,3.0,7.0,126.0,136.0,0.022058823529411766,0.051470588235294115,0.9264705882352942
Werder Bremen,1,Bundesliga,10,0.4,0.2,0.4,53.0,26.0,55.0,134.0,0.39552238805970147,0.19402985074626866,0.41044776119402987
Werder Bremen,2,Bundesliga,6,0.6666666666666666,0.16666666666666666,0.16666666666666666,53.0,2.0,26.0,81.0,0.654320987654321,0.024691358024691357,0.32098765432098764
Werder Bremen,all,Bundesliga,26,0.34615384615384615,0.15384615384615385,0.5,109.0,35.0,207.0,351.0,0.31054131054131057,0.09971509971509972,0.5897435897435898
West Ham,0,Premier League,11,0.09090909090909091,0.2727272727272727,0.6363636363636364,4.0,54.0,115.0,173.0,0.023121387283236993,0.31213872832369943,0.6647398843930635
West Ham,1,Premier League,9,0.2222222222222222,0.2222222222222222,0.5555555555555556,19.0,42.0,71.0,132.0,0.14393939393939395,0.3181818181818182,0.5378787878787878
West Ham,2,Premier League,8,0.5,0.125,0.375,88.0,11.0,26.0,125.0,0.704,0.088,0.208
West Ham,all,Premier League,28,0.25,0.21428571428571427,0.5357142857142857,111.0,107.0,212.0,430.0,0.25813953488372093,0.24883720930232558,0.4930232558139535
Wolfsburg,0,Bundesliga,11,0.2727272727272727,0.2727272727272727,0.45454545454545453,36.0,58.0,53.0,147.0,0.24489795918367346,0.3945578231292517,0.36054421768707484
Wolfsburg,1,Bundesliga,9,0.3333333333333333,0.4444444444444444,0.2222222222222222,47.0,46.0,23.0,116.0,0.4051724137931034,0.39655172413793105,0.19827586206896552
Wolfsburg,2,Bundesliga,6,0.6666666666666666,0.3333333333333333,0.0,65.0,23.0,0.0,88.0,0.7386363636363636,0.26136363636363635,0.0
Wolfsburg,all,Bundesliga,26,0.38461538461538464,0.34615384615384615,0.2692307692307692,148.0,127.0,76.0,351.0,0.42165242165242167,0.36182336182336183,0.21652421652421652
Wolves,0,Premier League,10,0.1,0.2,0.7,26.0,23.0,108.0,157.0,0.16560509554140126,0.1464968152866242,0.6878980891719745
Wolves,1,Premier League,9,0.1111111111111111,0.3333333333333333,0.5555555555555556,22.0,41.0,58.0,121.0,0.18181818181818182,0.33884297520661155,0.4793388429752066
Wolves,2,Premier League,10,0.5,0.2,0.3,77.0,34.0,46.0,157.0,0.49044585987261147,0.21656050955414013,0.2929936305732484
Wolves,all,Premier League,29,0.2413793103448276,0.2413793103448276,0.5172413793103449,125.0,98.0,212.0,435.0,0.28735632183908044,0.22528735632183908,0.48735632183908045
